-- phpMyAdmin SQL Dump
-- version 5.2.1
-- https://www.phpmyadmin.net/
--
-- Host: localhost
-- Generation Time: 25 مايو 2025 الساعة 05:57
-- إصدار الخادم: 5.7.34
-- PHP Version: 8.2.6

SET SQL_MODE = "NO_AUTO_VALUE_ON_ZERO";
START TRANSACTION;
SET time_zone = "+00:00";


/*!40101 SET @OLD_CHARACTER_SET_CLIENT=@@CHARACTER_SET_CLIENT */;
/*!40101 SET @OLD_CHARACTER_SET_RESULTS=@@CHARACTER_SET_RESULTS */;
/*!40101 SET @OLD_COLLATION_CONNECTION=@@COLLATION_CONNECTION */;
/*!40101 SET NAMES utf8mb4 */;

--
-- Database: `smart_employment`
--

-- --------------------------------------------------------

--
-- بنية الجدول `employers`
--

CREATE TABLE `employers` (
  `id` int(11) NOT NULL,
  `first_name` varchar(50) NOT NULL,
  `last_name` varchar(50) NOT NULL,
  `email` varchar(100) NOT NULL,
  `password` varchar(255) NOT NULL,
  `company_name` varchar(100) NOT NULL,
  `country` varchar(50) NOT NULL,
  `city` varchar(50) NOT NULL,
  `company_size` varchar(50) NOT NULL,
  `phone_code` varchar(10) NOT NULL,
  `phone` varchar(20) NOT NULL,
  `marketing_agree` tinyint(1) DEFAULT '0',
  `created_at` timestamp NOT NULL DEFAULT CURRENT_TIMESTAMP
) ENGINE=InnoDB DEFAULT CHARSET=utf8mb4;

--
-- إرجاع أو استيراد بيانات الجدول `employers`
--

INSERT INTO `employers` (`id`, `first_name`, `last_name`, `email`, `password`, `company_name`, `country`, `city`, `company_size`, `phone_code`, `phone`, `marketing_agree`, `created_at`) VALUES
(1, 'Mojydaa', 'Fadl', 'mojydaayonko@gmail.com', '$2y$10$mWxs/ul5Whu8bmVNvPADTegTnaE8diu8sEllndftGBJg.ebKynzIm', 'Al-shokhi', 'ye', 'sanaa', 'medium', 'ye', '771600772', 0, '2025-05-14 10:28:43'),
(2, 'Mojydaa', 'Fadl', 'mojydaayonko2@gmail.com', '$2y$10$Z91mMReKLYH0r5nt0KBDFOyMqkrrtKbuYavcewxlwxbHsun1Q6W4y', 'alshoki', 'ye', 'sanaa', 'small', 'ye', '34673689097', 0, '2025-05-15 09:17:11'),
(3, 'employer', 'E1', 'employer@gmail.com', '$2y$10$7KW.tLngfsD0Pza6DjoQSe0Zf.Z/e55hZklXiKPtS3alyrldY/0vi', 'company', 'algeria', 'algiers', 'medium_51_200_employees', 'yemen', '771600772', 1, '2025-05-20 08:57:26'),
(4, 'employer', 'E2', 'employer2@gmail.com', '$2y$10$7bACOBGZqUZYnouc6DqaculnRoKFQN3xEsdnnK.sF1bnqQU2yfYqS', 'company2', 'bahrain', 'manama', 'medium_51_200_employees', 'yemen', '771600772', 1, '2025-05-20 08:58:38'),
(5, 'employer', 'E3', 'employer3@gmail.com', '$2y$10$RnQPA4Zz8zwryVkkUVz6R.AnqP9fiGI.MvDTQuYGXRu.eYHeK1vEq', 'company3', 'comoros', 'mutsamudu', 'medium_51_200_employees', 'algeria', '771600742', 1, '2025-05-20 09:00:00');

-- --------------------------------------------------------

--
-- بنية الجدول `favorite_jobs`
--

CREATE TABLE `favorite_jobs` (
  `id` int(11) NOT NULL,
  `user_id` int(11) NOT NULL,
  `job_id` int(11) NOT NULL,
  `created_at` timestamp NOT NULL DEFAULT CURRENT_TIMESTAMP
) ENGINE=InnoDB DEFAULT CHARSET=utf8mb4;

--
-- إرجاع أو استيراد بيانات الجدول `favorite_jobs`
--

INSERT INTO `favorite_jobs` (`id`, `user_id`, `job_id`, `created_at`) VALUES
(6, 1, 172, '2025-05-22 14:41:21'),
(7, 1, 27, '2025-05-22 14:42:26'),
(8, 17, 244, '2025-05-24 04:52:57'),
(9, 18, 244, '2025-05-24 13:30:22');

-- --------------------------------------------------------

--
-- بنية الجدول `job_applications`
--

CREATE TABLE `job_applications` (
  `id` int(11) NOT NULL,
  `job_id` int(11) NOT NULL,
  `employer_id` int(11) NOT NULL,
  `user_id` int(11) NOT NULL,
  `cover_letter` text,
  `status` enum('pending','reviewed','accepted','rejected') DEFAULT 'pending',
  `applied_at` timestamp NOT NULL DEFAULT CURRENT_TIMESTAMP,
  `reviewed_at` timestamp NULL DEFAULT NULL,
  `notes` text
) ENGINE=MyISAM DEFAULT CHARSET=utf8;

--
-- إرجاع أو استيراد بيانات الجدول `job_applications`
--

INSERT INTO `job_applications` (`id`, `job_id`, `employer_id`, `user_id`, `cover_letter`, `status`, `applied_at`, `reviewed_at`, `notes`) VALUES
(25, 189, 1, 14, 'أرغب في التقدم لهذه الوظيفة', 'pending', '2025-05-17 15:54:26', NULL, NULL),
(50, 136, 3, 5, 'أرغب في التقدم لهذه الوظيفة', 'pending', '2025-05-22 19:59:48', NULL, NULL),
(36, 251, 1, 5, 'أرغب في التقدم لهذه الوظيفة', 'accepted', '2025-05-20 11:03:03', '2025-05-24 13:55:02', NULL),
(44, 172, 2, 1, 'أرغب في التقدم لهذه الوظيفة', 'pending', '2025-05-22 14:41:18', NULL, NULL),
(45, 50, 2, 1, 'أرغب في التقدم لهذه الوظيفة', 'pending', '2025-05-22 14:43:01', NULL, NULL),
(51, 244, 3, 5, 'أرغب في التقدم لهذه الوظيفة', 'pending', '2025-05-22 19:59:50', NULL, NULL),
(52, 56, 4, 5, 'أرغب في التقدم لهذه الوظيفة', 'pending', '2025-05-22 19:59:52', NULL, NULL),
(49, 27, 3, 5, 'أرغب في التقدم لهذه الوظيفة', 'pending', '2025-05-22 19:58:56', NULL, NULL),
(26, 174, 1, 14, 'أرغب في التقدم لهذه الوظيفة', 'pending', '2025-05-17 16:05:22', NULL, NULL),
(27, 210, 1, 14, 'أرغب في التقدم لهذه الوظيفة', 'accepted', '2025-05-17 16:08:23', '2025-05-18 16:30:38', NULL),
(53, 244, 3, 17, 'أرغب في التقدم لهذه الوظيفة', 'pending', '2025-05-24 04:53:13', NULL, NULL),
(30, 210, 1, 1, 'أرغب في التقدم لهذه الوظيفة', 'rejected', '2025-05-18 10:54:18', '2025-05-18 16:27:34', NULL),
(31, 210, 1, 11, 'أرغب في التقدم لهذه الوظيفة', 'rejected', '2025-05-18 10:55:11', '2025-05-18 16:27:32', NULL),
(32, 210, 1, 4, 'أرغب في التقدم لهذه الوظيفة', 'rejected', '2025-05-18 11:02:35', '2025-05-18 16:27:29', NULL),
(54, 251, 1, 18, 'أرغب في التقدم لهذه الوظيفة', 'accepted', '2025-05-24 13:48:28', '2025-05-24 13:51:52', NULL);

-- --------------------------------------------------------

--
-- بنية الجدول `job_comments`
--

CREATE TABLE `job_comments` (
  `id` int(11) NOT NULL,
  `job_id` int(11) NOT NULL,
  `user_id` int(11) NOT NULL,
  `comment_text` text NOT NULL,
  `created_at` timestamp NOT NULL DEFAULT CURRENT_TIMESTAMP
) ENGINE=InnoDB DEFAULT CHARSET=utf8mb4;

--
-- إرجاع أو استيراد بيانات الجدول `job_comments`
--

INSERT INTO `job_comments` (`id`, `job_id`, `user_id`, `comment_text`, `created_at`) VALUES
(1, 71, 5, 'FYH', '2025-05-20 12:08:40'),
(2, 244, 5, 'ok', '2025-05-22 14:31:23'),
(3, 172, 5, 'ok', '2025-05-22 14:40:40'),
(4, 172, 1, 'ok', '2025-05-22 14:41:27'),
(5, 244, 17, 'ok', '2025-05-24 04:53:02');

-- --------------------------------------------------------

--
-- بنية الجدول `job_posts`
--

CREATE TABLE `job_posts` (
  `id` int(11) NOT NULL,
  `employer_id` int(11) NOT NULL,
  `job_title` varchar(255) NOT NULL,
  `industry` varchar(255) NOT NULL,
  `vacancies` int(11) DEFAULT '1',
  `country` varchar(255) NOT NULL,
  `city` varchar(255) NOT NULL,
  `min_salary` decimal(10,2) DEFAULT NULL,
  `max_salary` decimal(10,2) DEFAULT NULL,
  `employment_type` varchar(50) NOT NULL,
  `job_type` varchar(50) NOT NULL,
  `skills` text,
  `education_level` varchar(100) DEFAULT NULL,
  `experience_years` varchar(50) DEFAULT NULL,
  `job_description` text,
  `created_at` datetime NOT NULL,
  `updated_at` datetime DEFAULT NULL,
  `status` enum('active','inactive','filled') NOT NULL DEFAULT 'active'
) ENGINE=InnoDB DEFAULT CHARSET=utf8mb4;

--
-- إرجاع أو استيراد بيانات الجدول `job_posts`
--

INSERT INTO `job_posts` (`id`, `employer_id`, `job_title`, `industry`, `vacancies`, `country`, `city`, `min_salary`, `max_salary`, `employment_type`, `job_type`, `skills`, `education_level`, `experience_years`, `job_description`, `created_at`, `updated_at`, `status`) VALUES
(1, 2, 'Chef', 'Agriculture', 8, 'Iraq', 'Mecca', 2210.00, 11662.00, 'contract', 'in-office', 'Editing, Research, IT, Design', 'Bachelor\'s degree', 'No experience required', 'We are looking for a skilled Chef to join our team in Mecca, Iraq. The ideal candidate will have experience in Agriculture and possess skills in Editing and Research and IT and Design. This is a contract position with a in-office work arrangement. Competitive salary and benefits package offered.', '2024-12-21 12:43:58', NULL, 'inactive'),
(2, 4, 'CEO', 'Hospitality', 8, 'Mauritania', 'Tunis', 1563.00, 6791.00, 'full-time', 'in-office', 'Time Management, Project Management, Sales, Leadership, Engineering', 'No qualification required', 'Less than 1 year', 'We are looking for a skilled CEO to join our team in Tunis, Mauritania. The ideal candidate will have experience in Hospitality and possess skills in Time Management and Project Management and Sales and Leadership and Engineering. This is a full-time position with a in-office work arrangement. Competitive salary and benefits package offered.', '2024-12-26 12:43:58', NULL, 'active'),
(4, 2, 'Teacher', 'Aviation', 6, 'Jordan', 'Sharjah', 4593.00, 14081.00, 'full-time', 'hybrid', 'Social Media, Programming, Writing', 'No qualification required', '5-10 years', 'We are looking for a skilled Teacher to join our team in Sharjah, Jordan. The ideal candidate will have experience in Aviation and possess skills in Social Media and Programming and Writing. This is a full-time position with a hybrid work arrangement. Competitive salary and benefits package offered.', '2025-01-29 12:43:58', NULL, 'active'),
(5, 4, 'Pharmacist', 'Medical', 5, 'Mauritania', 'Kuwait City', 1542.00, 4029.00, 'temporary', 'hybrid', 'Microsoft Office, Programming, Administration, Organization', 'Bachelor\'s degree', '3-5 years', 'We are looking for a skilled Pharmacist to join our team in Kuwait City, Mauritania. The ideal candidate will have experience in Medical and possess skills in Microsoft Office and Programming and Administration and Organization. This is a temporary position with a hybrid work arrangement. Competitive salary and benefits package offered.', '2024-06-03 12:43:58', NULL, 'active'),
(6, 3, 'Customer Service Representative', 'Administration', 7, 'Kuwait', 'Beirut', 4665.00, 12141.00, 'temporary', 'remote', 'Project Management, Photography, Teamwork', 'Diploma', '5-10 years', 'We are looking for a skilled Customer Service Representative to join our team in Beirut, Kuwait. The ideal candidate will have experience in Administration and possess skills in Project Management and Photography and Teamwork. This is a temporary position with a remote work arrangement. Competitive salary and benefits package offered.', '2024-08-16 12:43:58', NULL, 'active'),
(7, 5, 'Driver', 'Agriculture', 5, 'Jordan', 'Dubai', 4111.00, 13581.00, 'full-time', 'hybrid', 'Customer Service, Leadership, Editing, HR Management', 'High school diploma', 'Less than 1 year', 'We are looking for a skilled Driver to join our team in Dubai, Jordan. The ideal candidate will have experience in Agriculture and possess skills in Customer Service and Leadership and Editing and HR Management. This is a full-time position with a hybrid work arrangement. Competitive salary and benefits package offered.', '2024-10-18 12:43:58', NULL, 'inactive'),
(8, 2, 'Journalist', 'Aviation', 2, 'Tunisia', 'Taiz', 4597.00, 7765.00, 'training', 'remote', 'Writing, Sales, Design, Teamwork, Leadership', 'No qualification required', 'No experience required', 'We are looking for a skilled Journalist to join our team in Taiz, Tunisia. The ideal candidate will have experience in Aviation and possess skills in Writing and Sales and Design and Teamwork and Leadership. This is a training position with a remote work arrangement. Competitive salary and benefits package offered.', '2025-03-18 12:43:58', NULL, 'active'),
(9, 5, 'Content Writer', 'Arts & Entertainment', 10, 'Mauritania', 'Sanaa', 2148.00, 5270.00, 'training', 'in-office', 'IT, Photography, Organization, Data Entry', 'Diploma', '1-3 years', 'We are looking for a skilled Content Writer to join our team in Sanaa, Mauritania. The ideal candidate will have experience in Arts & Entertainment and possess skills in IT and Photography and Organization and Data Entry. This is a training position with a in-office work arrangement. Competitive salary and benefits package offered.', '2024-11-03 12:43:58', NULL, 'active'),
(11, 5, 'Nurse', 'Food & Beverage', 4, 'Mauritania', 'Kuwait City', 3875.00, 13387.00, 'part-time', 'in-office', 'Teamwork, Public Speaking, Creativity, IT', 'Bachelor\'s degree', '5-10 years', 'We are looking for a skilled Nurse to join our team in Kuwait City, Mauritania. The ideal candidate will have experience in Food & Beverage and possess skills in Teamwork and Public Speaking and Creativity and IT. This is a part-time position with a in-office work arrangement. Competitive salary and benefits package offered.', '2025-05-15 12:43:58', NULL, 'active'),
(12, 3, 'Business Analyst', 'Food & Beverage', 5, 'Somalia', 'Rabat', 1628.00, 5411.00, 'temporary', 'remote', 'Engineering, Project Management, Design', 'High school diploma', 'More than 10 years', 'We are looking for a skilled Business Analyst to join our team in Rabat, Somalia. The ideal candidate will have experience in Food & Beverage and possess skills in Engineering and Project Management and Design. This is a temporary position with a remote work arrangement. Competitive salary and benefits package offered.', '2024-05-23 12:43:58', NULL, 'active'),
(13, 3, 'Project Manager', 'Travel & Tourism', 10, 'Morocco', 'Damascus', 2471.00, 9282.00, 'training', 'in-office', 'Customer Service, Marketing, Creativity', 'PhD', '3-5 years', 'We are looking for a skilled Project Manager to join our team in Damascus, Morocco. The ideal candidate will have experience in Travel & Tourism and possess skills in Customer Service and Marketing and Creativity. This is a training position with a in-office work arrangement. Competitive salary and benefits package offered.', '2024-09-01 12:43:58', NULL, 'inactive'),
(14, 3, 'Business Analyst', 'Manufacturing', 5, 'Oman', 'Riyadh', 4484.00, 5686.00, 'contract', 'in-office', 'HR Management, Leadership, Advertising', 'PhD', 'More than 10 years', 'We are looking for a skilled Business Analyst to join our team in Riyadh, Oman. The ideal candidate will have experience in Manufacturing and possess skills in HR Management and Leadership and Advertising. This is a contract position with a in-office work arrangement. Competitive salary and benefits package offered.', '2025-01-08 12:43:58', NULL, 'active'),
(15, 2, 'Web Designer', 'Medical', 2, 'Lebanon', 'Medina', 1780.00, 7019.00, 'contract', 'hybrid', 'Creativity, Sales, Microsoft Office, Programming', 'Diploma', '3-5 years', 'We are looking for a skilled Web Designer to join our team in Medina, Lebanon. The ideal candidate will have experience in Medical and possess skills in Creativity and Sales and Microsoft Office and Programming. This is a contract position with a hybrid work arrangement. Competitive salary and benefits package offered.', '2025-02-08 12:43:58', NULL, 'active'),
(16, 4, 'Financial Analyst', 'Education', 6, 'Bahrain', 'Baghdad', 5095.00, 9162.00, 'part-time', 'remote', 'Advertising, Communication, Microsoft Office', 'No qualification required', '5-10 years', 'We are looking for a skilled Financial Analyst to join our team in Baghdad, Bahrain. The ideal candidate will have experience in Education and possess skills in Advertising and Communication and Microsoft Office. This is a part-time position with a remote work arrangement. Competitive salary and benefits package offered.', '2024-10-13 12:43:58', NULL, 'active'),
(17, 4, 'Architect', 'Sports', 10, 'Somalia', 'Tunis', 3140.00, 7743.00, 'full-time', 'hybrid', 'Microsoft Office, Programming, Teamwork, Social Media', 'High school diploma', '1-3 years', 'We are looking for a skilled Architect to join our team in Tunis, Somalia. The ideal candidate will have experience in Sports and possess skills in Microsoft Office and Programming and Teamwork and Social Media. This is a full-time position with a hybrid work arrangement. Competitive salary and benefits package offered.', '2024-07-11 12:43:58', NULL, 'active'),
(18, 5, 'Project Manager', 'Sales', 1, 'Algeria', 'Jeddah', 4191.00, 5806.00, 'temporary', 'hybrid', 'Teamwork, IT, Public Speaking, Leadership', 'No qualification required', 'No experience required', 'We are looking for a skilled Project Manager to join our team in Jeddah, Algeria. The ideal candidate will have experience in Sales and possess skills in Teamwork and IT and Public Speaking and Leadership. This is a temporary position with a hybrid work arrangement. Competitive salary and benefits package offered.', '2024-12-09 12:43:58', NULL, 'active'),
(19, 4, 'Sales Manager', 'Science & Research', 9, 'Oman', 'Sharjah', 5709.00, 9695.00, 'temporary', 'in-office', 'Finance, Analysis, Project Management, Data Entry, Communication', 'PhD', 'More than 10 years', 'We are looking for a skilled Sales Manager to join our team in Sharjah, Oman. The ideal candidate will have experience in Science & Research and possess skills in Finance and Analysis and Project Management and Data Entry and Communication. This is a temporary position with a in-office work arrangement. Competitive salary and benefits package offered.', '2024-07-21 12:43:58', NULL, 'inactive'),
(20, 3, 'Teacher', 'Media & Communications', 3, 'Tunisia', 'Damascus', 1960.00, 5400.00, 'temporary', 'hybrid', 'Editing, Negotiation, Web Development, Negotiation', 'Master\'s degree', '5-10 years', 'We are looking for a skilled Teacher to join our team in Damascus, Tunisia. The ideal candidate will have experience in Media & Communications and possess skills in Editing and Negotiation and Web Development and Negotiation. This is a temporary position with a hybrid work arrangement. Competitive salary and benefits package offered.', '2025-02-27 12:43:58', NULL, 'active'),
(21, 4, 'Receptionist', 'Travel & Tourism', 2, 'Mauritania', 'Sanaa', 3584.00, 5576.00, 'part-time', 'remote', 'Photography, Communication, Finance, Analysis, Finance', 'No qualification required', '5-10 years', 'We are looking for a skilled Receptionist to join our team in Sanaa, Mauritania. The ideal candidate will have experience in Travel & Tourism and possess skills in Photography and Communication and Finance and Analysis and Finance. This is a part-time position with a remote work arrangement. Competitive salary and benefits package offered.', '2024-10-22 12:43:58', NULL, 'active'),
(23, 2, 'Dentist', 'Beauty & Cosmetics', 2, 'Tunisia', 'Alexandria', 2905.00, 7980.00, 'part-time', 'hybrid', 'Advertising, Negotiation, Data Entry, Organization, Microsoft Office', 'Diploma', 'More than 10 years', 'We are looking for a skilled Dentist to join our team in Alexandria, Tunisia. The ideal candidate will have experience in Beauty & Cosmetics and possess skills in Advertising and Negotiation and Data Entry and Organization and Microsoft Office. This is a part-time position with a hybrid work arrangement. Competitive salary and benefits package offered.', '2025-01-25 12:43:58', NULL, 'active'),
(24, 2, 'Dentist', 'Administration', 8, 'Algeria', 'Kuwait City', 5445.00, 9167.00, 'full-time', 'hybrid', 'Web Development, Accounting, Customer Service, Communication, IT', 'Bachelor\'s degree', '5-10 years', 'We are looking for a skilled Dentist to join our team in Kuwait City, Algeria. The ideal candidate will have experience in Administration and possess skills in Web Development and Accounting and Customer Service and Communication and IT. This is a full-time position with a hybrid work arrangement. Competitive salary and benefits package offered.', '2025-02-11 12:43:58', NULL, 'active'),
(25, 3, 'CFO', 'Consulting', 7, 'Tunisia', 'Abu Dhabi', 4394.00, 11038.00, 'part-time', 'remote', 'Editing, Engineering, Administration, Research, Research', 'Diploma', '1-3 years', 'We are looking for a skilled CFO to join our team in Abu Dhabi, Tunisia. The ideal candidate will have experience in Consulting and possess skills in Editing and Engineering and Administration and Research and Research. This is a part-time position with a remote work arrangement. Competitive salary and benefits package offered.', '2024-12-01 12:43:58', NULL, 'active'),
(26, 4, 'Marketing Manager', 'Sports', 3, 'Palestine', 'Medina', 2820.00, 4266.00, 'full-time', 'remote', 'Microsoft Office, Creativity, Photography', 'Bachelor\'s degree', '1-3 years', 'We are looking for a skilled Marketing Manager to join our team in Medina, Palestine. The ideal candidate will have experience in Sports and possess skills in Microsoft Office and Creativity and Photography. This is a full-time position with a remote work arrangement. Competitive salary and benefits package offered.', '2024-09-26 12:43:58', NULL, 'inactive'),
(27, 3, 'IT Specialist', 'Aviation', 9, 'Yemen', 'Damascus', 3661.00, 4911.00, 'temporary', 'in-office', 'Creativity, HR Management, HR Management, Leadership', 'PhD', '1-3 years', 'We are looking for a skilled IT Specialist to join our team in Damascus, Yemen. The ideal candidate will have experience in Aviation and possess skills in Creativity and HR Management and HR Management and Leadership. This is a temporary position with a in-office work arrangement. Competitive salary and benefits package offered.', '2024-06-08 12:43:58', NULL, 'active'),
(28, 4, 'Graphic Designer', 'Aviation', 10, 'Algeria', 'Alexandria', 4499.00, 10553.00, 'part-time', 'hybrid', 'Public Speaking, Administration, Time Management, Time Management', 'PhD', 'No experience required', 'We are looking for a skilled Graphic Designer to join our team in Alexandria, Algeria. The ideal candidate will have experience in Aviation and possess skills in Public Speaking and Administration and Time Management and Time Management. This is a part-time position with a hybrid work arrangement. Competitive salary and benefits package offered.', '2025-05-02 12:43:58', NULL, 'active'),
(31, 2, 'Teacher', 'Aviation', 3, 'Egypt', 'Amman', 4767.00, 14814.00, 'temporary', 'hybrid', 'Teaching, Web Development, Teamwork', 'No qualification required', '1-3 years', 'We are looking for a skilled Teacher to join our team in Amman, Egypt. The ideal candidate will have experience in Aviation and possess skills in Teaching and Web Development and Teamwork. This is a temporary position with a hybrid work arrangement. Competitive salary and benefits package offered.', '2024-05-28 12:43:58', NULL, 'inactive'),
(32, 3, 'Customer Service Representative', 'Agriculture', 2, 'Comoros', 'Algiers', 2203.00, 11738.00, 'temporary', 'remote', 'Project Management, Creativity, Advertising, Administration', 'No qualification required', 'Less than 1 year', 'We are looking for a skilled Customer Service Representative to join our team in Algiers, Comoros. The ideal candidate will have experience in Agriculture and possess skills in Project Management and Creativity and Advertising and Administration. This is a temporary position with a remote work arrangement. Competitive salary and benefits package offered.', '2024-12-30 12:43:58', NULL, 'active'),
(34, 4, 'Data Analyst', 'Sports', 2, 'Tunisia', 'Tunis', 2258.00, 10018.00, 'training', 'in-office', 'Analysis, Project Management, Web Development, Project Management', 'High school diploma', '5-10 years', 'We are looking for a skilled Data Analyst to join our team in Tunis, Tunisia. The ideal candidate will have experience in Sports and possess skills in Analysis and Project Management and Web Development and Project Management. This is a training position with a in-office work arrangement. Competitive salary and benefits package offered.', '2025-04-26 12:43:58', NULL, 'active'),
(36, 5, 'Teacher', 'Design', 9, 'Qatar', 'Abu Dhabi', 1395.00, 10394.00, 'training', 'remote', 'Communication, Leadership, Social Media, Customer Service, Accounting', 'No qualification required', 'More than 10 years', 'We are looking for a skilled Teacher to join our team in Abu Dhabi, Qatar. The ideal candidate will have experience in Design and possess skills in Communication and Leadership and Social Media and Customer Service and Accounting. This is a training position with a remote work arrangement. Competitive salary and benefits package offered.', '2025-03-21 12:43:58', NULL, 'active'),
(37, 2, 'Content Writer', 'Beauty & Cosmetics', 9, 'Bahrain', 'Abu Dhabi', 2022.00, 6280.00, 'part-time', 'remote', 'Advertising, Creativity, IT', 'Bachelor\'s degree', 'Less than 1 year', 'We are looking for a skilled Content Writer to join our team in Abu Dhabi, Bahrain. The ideal candidate will have experience in Beauty & Cosmetics and possess skills in Advertising and Creativity and IT. This is a part-time position with a remote work arrangement. Competitive salary and benefits package offered.', '2024-06-17 12:43:58', NULL, 'active'),
(38, 2, 'Pharmacist', 'Fashion', 9, 'Algeria', 'Jeddah', 3121.00, 10322.00, 'temporary', 'in-office', 'Social Media, IT, Engineering, Web Development, Accounting', 'Master\'s degree', '1-3 years', 'We are looking for a skilled Pharmacist to join our team in Jeddah, Algeria. The ideal candidate will have experience in Fashion and possess skills in Social Media and IT and Engineering and Web Development and Accounting. This is a temporary position with a in-office work arrangement. Competitive salary and benefits package offered.', '2025-03-11 12:43:58', NULL, 'inactive'),
(39, 4, 'Teacher', 'Biotechnology', 2, 'Algeria', 'Manama', 1299.00, 11584.00, 'training', 'remote', 'Data Entry, Microsoft Office, Leadership, Time Management', 'Master\'s degree', '3-5 years', 'We are looking for a skilled Teacher to join our team in Manama, Algeria. The ideal candidate will have experience in Biotechnology and possess skills in Data Entry and Microsoft Office and Leadership and Time Management. This is a training position with a remote work arrangement. Competitive salary and benefits package offered.', '2024-10-06 12:43:58', NULL, 'active'),
(40, 3, 'Journalist', 'Non-profit', 6, 'Mauritania', 'Casablanca', 1974.00, 7555.00, 'full-time', 'remote', 'Data Entry, Photography, Teamwork, Social Media, IT', 'PhD', 'More than 10 years', 'We are looking for a skilled Journalist to join our team in Casablanca, Mauritania. The ideal candidate will have experience in Non-profit and possess skills in Data Entry and Photography and Teamwork and Social Media and IT. This is a full-time position with a remote work arrangement. Competitive salary and benefits package offered.', '2024-12-02 12:43:58', NULL, 'active'),
(41, 4, 'Project Manager', 'Beauty & Cosmetics', 4, 'Tunisia', 'Taiz', 5301.00, 8587.00, 'part-time', 'remote', 'Marketing, Sales, Creativity, Programming', 'Bachelor\'s degree', 'No experience required', 'We are looking for a skilled Project Manager to join our team in Taiz, Tunisia. The ideal candidate will have experience in Beauty & Cosmetics and possess skills in Marketing and Sales and Creativity and Programming. This is a part-time position with a remote work arrangement. Competitive salary and benefits package offered.', '2024-09-07 12:43:58', NULL, 'active'),
(42, 3, 'Developer', 'Sports', 8, 'Qatar', 'Rabat', 5712.00, 12557.00, 'part-time', 'in-office', 'Marketing, Engineering, Microsoft Office', 'High school diploma', '1-3 years', 'We are looking for a skilled Developer to join our team in Rabat, Qatar. The ideal candidate will have experience in Sports and possess skills in Marketing and Engineering and Microsoft Office. This is a part-time position with a in-office work arrangement. Competitive salary and benefits package offered.', '2025-03-05 12:43:58', NULL, 'active'),
(43, 4, 'Administrative Assistant', 'Aviation', 6, 'Palestine', 'Baghdad', 3322.00, 9680.00, 'training', 'in-office', 'Teamwork, Graphic Design, Communication', 'Bachelor\'s degree', '5-10 years', 'We are looking for a skilled Administrative Assistant to join our team in Baghdad, Palestine. The ideal candidate will have experience in Aviation and possess skills in Teamwork and Graphic Design and Communication. This is a training position with a in-office work arrangement. Competitive salary and benefits package offered.', '2024-09-11 12:43:58', NULL, 'active'),
(44, 5, 'Cashier', 'Management', 9, 'Bahrain', 'Khartoum', 2486.00, 12238.00, 'part-time', 'in-office', 'Engineering, Analysis, HR Management, Graphic Design', 'Diploma', 'No experience required', 'We are looking for a skilled Cashier to join our team in Khartoum, Bahrain. The ideal candidate will have experience in Management and possess skills in Engineering and Analysis and HR Management and Graphic Design. This is a part-time position with a in-office work arrangement. Competitive salary and benefits package offered.', '2024-09-18 12:43:58', NULL, 'inactive'),
(45, 3, 'Project Manager', 'Telecommunications', 1, 'Djibouti', 'Alexandria', 5416.00, 10048.00, 'contract', 'hybrid', 'Data Entry, Organization, Design', 'Diploma', 'No experience required', 'We are looking for a skilled Project Manager to join our team in Alexandria, Djibouti. The ideal candidate will have experience in Telecommunications and possess skills in Data Entry and Organization and Design. This is a contract position with a hybrid work arrangement. Competitive salary and benefits package offered.', '2024-12-22 12:43:58', NULL, 'active'),
(46, 2, 'Business Analyst', 'Customer Service', 1, 'Djibouti', 'Mecca', 3080.00, 12619.00, 'training', 'hybrid', 'Microsoft Office, Advertising, Public Speaking', 'No qualification required', '3-5 years', 'We are looking for a skilled Business Analyst to join our team in Mecca, Djibouti. The ideal candidate will have experience in Customer Service and possess skills in Microsoft Office and Advertising and Public Speaking. This is a training position with a hybrid work arrangement. Competitive salary and benefits package offered.', '2024-08-20 12:43:58', NULL, 'active'),
(47, 5, 'CEO', 'Management', 2, 'Libya', 'Khartoum', 5202.00, 14932.00, 'part-time', 'in-office', 'Marketing, Web Development, Finance, Data Entry, Design', 'High school diploma', '3-5 years', 'We are looking for a skilled CEO to join our team in Khartoum, Libya. The ideal candidate will have experience in Management and possess skills in Marketing and Web Development and Finance and Data Entry and Design. This is a part-time position with a in-office work arrangement. Competitive salary and benefits package offered.', '2025-03-08 12:43:58', NULL, 'active'),
(49, 4, 'Financial Analyst', 'Biotechnology', 5, 'Morocco', 'Sharjah', 3652.00, 8755.00, 'part-time', 'in-office', 'Organization, Web Development, Creativity, Analysis', 'Master\'s degree', '5-10 years', 'We are looking for a skilled Financial Analyst to join our team in Sharjah, Morocco. The ideal candidate will have experience in Biotechnology and possess skills in Organization and Web Development and Creativity and Analysis. This is a part-time position with a in-office work arrangement. Competitive salary and benefits package offered.', '2024-10-13 12:43:58', NULL, 'active'),
(50, 2, 'Software Engineer', 'Transportation', 9, 'Yemen', 'Amman', 1101.00, 8965.00, 'contract', 'hybrid', 'Sales, Microsoft Office, Negotiation, Communication', 'PhD', 'Less than 1 year', 'We are looking for a skilled Software Engineer to join our team in Amman, Yemen. The ideal candidate will have experience in Transportation and possess skills in Sales and Microsoft Office and Negotiation and Communication. This is a contract position with a hybrid work arrangement. Competitive salary and benefits package offered.', '2024-12-17 12:43:58', NULL, 'active'),
(51, 5, 'Nurse', 'Logistics', 10, 'Somalia', 'Manama', 3159.00, 6146.00, 'full-time', 'in-office', 'Customer Service, Research, Microsoft Office, Microsoft Office, Teamwork', 'No qualification required', '3-5 years', 'We are looking for a skilled Nurse to join our team in Manama, Somalia. The ideal candidate will have experience in Logistics and possess skills in Customer Service and Research and Microsoft Office and Microsoft Office and Teamwork. This is a full-time position with a in-office work arrangement. Competitive salary and benefits package offered.', '2025-02-03 12:43:58', NULL, 'active'),
(52, 3, 'Project Manager', 'Engineering', 3, 'Saudi Arabia', 'Doha', 2465.00, 10042.00, 'part-time', 'in-office', 'Finance, Sales, Creativity, Microsoft Office', 'No qualification required', '5-10 years', 'We are looking for a skilled Project Manager to join our team in Doha, Saudi Arabia. The ideal candidate will have experience in Engineering and possess skills in Finance and Sales and Creativity and Microsoft Office. This is a part-time position with a in-office work arrangement. Competitive salary and benefits package offered.', '2025-03-22 12:43:58', NULL, 'active'),
(53, 5, 'Data Analyst', 'Hospitality', 1, 'Sudan', 'Beirut', 2218.00, 12551.00, 'full-time', 'hybrid', 'Graphic Design, IT, Organization, Teaching, Photography', 'Bachelor\'s degree', 'No experience required', 'We are looking for a skilled Data Analyst to join our team in Beirut, Sudan. The ideal candidate will have experience in Hospitality and possess skills in Graphic Design and IT and Organization and Teaching and Photography. This is a full-time position with a hybrid work arrangement. Competitive salary and benefits package offered.', '2024-07-11 12:43:58', NULL, 'active'),
(54, 4, 'Mechanical Engineer', 'Marketing', 6, 'Morocco', 'Riyadh', 2836.00, 6116.00, 'training', 'hybrid', 'Time Management, Data Entry, IT', 'High school diploma', 'No experience required', 'We are looking for a skilled Mechanical Engineer to join our team in Riyadh, Morocco. The ideal candidate will have experience in Marketing and possess skills in Time Management and Data Entry and IT. This is a training position with a hybrid work arrangement. Competitive salary and benefits package offered.', '2025-03-02 12:43:59', NULL, 'active'),
(55, 4, 'Chef', 'Accounting & Finance', 3, 'Somalia', 'Rabat', 1969.00, 5516.00, 'contract', 'remote', 'Communication, Finance, Data Entry, Customer Service, Sales', 'High school diploma', '3-5 years', 'We are looking for a skilled Chef to join our team in Rabat, Somalia. The ideal candidate will have experience in Accounting & Finance and possess skills in Communication and Finance and Data Entry and Customer Service and Sales. This is a contract position with a remote work arrangement. Competitive salary and benefits package offered.', '2024-06-23 12:43:59', NULL, 'active'),
(56, 4, 'Receptionist', 'Sales', 6, 'United Arab Emirates', 'Beirut', 2032.00, 8069.00, 'full-time', 'remote', 'Teaching, Graphic Design, Accounting, Communication, Graphic Design', 'Diploma', 'More than 10 years', 'We are looking for a skilled Receptionist to join our team in Beirut, United Arab Emirates. The ideal candidate will have experience in Sales and possess skills in Teaching and Graphic Design and Accounting and Communication and Graphic Design. This is a full-time position with a remote work arrangement. Competitive salary and benefits package offered.', '2025-05-16 12:43:59', NULL, 'active'),
(57, 4, 'CFO', 'Manufacturing', 9, 'Mauritania', 'Taiz', 5069.00, 10326.00, 'full-time', 'hybrid', 'Photography, HR Management, Engineering, Engineering, Finance', 'High school diploma', 'No experience required', 'We are looking for a skilled CFO to join our team in Taiz, Mauritania. The ideal candidate will have experience in Manufacturing and possess skills in Photography and HR Management and Engineering and Engineering and Finance. This is a full-time position with a hybrid work arrangement. Competitive salary and benefits package offered.', '2024-10-06 12:43:59', NULL, 'active'),
(60, 3, 'Marketing Manager', 'Fashion', 6, 'Palestine', 'Manama', 5565.00, 7174.00, 'temporary', 'in-office', 'Analysis, Writing, Web Development, HR Management', 'PhD', 'Less than 1 year', 'We are looking for a skilled Marketing Manager to join our team in Manama, Palestine. The ideal candidate will have experience in Fashion and possess skills in Analysis and Writing and Web Development and HR Management. This is a temporary position with a in-office work arrangement. Competitive salary and benefits package offered.', '2024-10-12 12:43:59', NULL, 'active'),
(61, 3, 'Data Analyst', 'Advertising', 7, 'Qatar', 'Muscat', 5256.00, 9096.00, 'temporary', 'hybrid', 'Public Speaking, Photography, Accounting, Sales, Administration', 'No qualification required', '3-5 years', 'We are looking for a skilled Data Analyst to join our team in Muscat, Qatar. The ideal candidate will have experience in Advertising and possess skills in Public Speaking and Photography and Accounting and Sales and Administration. This is a temporary position with a hybrid work arrangement. Competitive salary and benefits package offered.', '2024-05-21 12:43:59', NULL, 'active'),
(63, 2, 'Chef', 'Aviation', 6, 'United Arab Emirates', 'Baghdad', 3268.00, 8974.00, 'full-time', 'remote', 'HR Management, Project Management, Engineering, Engineering, Analysis', 'PhD', '5-10 years', 'We are looking for a skilled Chef to join our team in Baghdad, United Arab Emirates. The ideal candidate will have experience in Aviation and possess skills in HR Management and Project Management and Engineering and Engineering and Analysis. This is a full-time position with a remote work arrangement. Competitive salary and benefits package offered.', '2024-12-09 12:43:59', NULL, 'active'),
(65, 5, 'Dentist', 'Beauty & Cosmetics', 7, 'Tunisia', 'Taiz', 5699.00, 13697.00, 'contract', 'hybrid', 'Teamwork, Microsoft Office, Graphic Design, Communication, Accounting', 'PhD', '3-5 years', 'We are looking for a skilled Dentist to join our team in Taiz, Tunisia. The ideal candidate will have experience in Beauty & Cosmetics and possess skills in Teamwork and Microsoft Office and Graphic Design and Communication and Accounting. This is a contract position with a hybrid work arrangement. Competitive salary and benefits package offered.', '2024-11-14 12:43:59', NULL, 'inactive'),
(66, 3, 'Financial Analyst', 'Hospitality', 8, 'Comoros', 'Sharjah', 4683.00, 10320.00, 'training', 'hybrid', 'Communication, Teaching, Programming', 'PhD', 'Less than 1 year', 'We are looking for a skilled Financial Analyst to join our team in Sharjah, Comoros. The ideal candidate will have experience in Hospitality and possess skills in Communication and Teaching and Programming. This is a training position with a hybrid work arrangement. Competitive salary and benefits package offered.', '2024-10-02 12:43:59', NULL, 'active'),
(67, 2, 'Sales Manager', 'Biotechnology', 1, 'Kuwait', 'Sharjah', 1115.00, 11185.00, 'part-time', 'remote', 'Negotiation, Marketing, Writing, Customer Service', 'Bachelor\'s degree', 'More than 10 years', 'We are looking for a skilled Sales Manager to join our team in Sharjah, Kuwait. The ideal candidate will have experience in Biotechnology and possess skills in Negotiation and Marketing and Writing and Customer Service. This is a part-time position with a remote work arrangement. Competitive salary and benefits package offered.', '2025-05-15 12:43:59', NULL, 'active'),
(68, 5, 'Driver', 'Media & Communications', 10, 'Jordan', 'Tunis', 2798.00, 3843.00, 'training', 'hybrid', 'Organization, Design, Customer Service, Project Management, IT', 'Bachelor\'s degree', '1-3 years', 'We are looking for a skilled Driver to join our team in Tunis, Jordan. The ideal candidate will have experience in Media & Communications and possess skills in Organization and Design and Customer Service and Project Management and IT. This is a training position with a hybrid work arrangement. Competitive salary and benefits package offered.', '2025-03-01 12:43:59', NULL, 'active'),
(69, 3, 'Dentist', 'Aviation', 3, 'Palestine', 'Aden', 3559.00, 13556.00, 'part-time', 'hybrid', 'Engineering, Public Speaking, Creativity, Leadership, Accounting', 'High school diploma', '1-3 years', 'We are looking for a skilled Dentist to join our team in Aden, Palestine. The ideal candidate will have experience in Aviation and possess skills in Engineering and Public Speaking and Creativity and Leadership and Accounting. This is a part-time position with a hybrid work arrangement. Competitive salary and benefits package offered.', '2024-07-02 12:43:59', NULL, 'active'),
(71, 3, 'Project Manager', 'Information Technology', 10, 'Yemen', 'Taiz', 1618.00, 10293.00, 'contract', 'remote', 'Marketing, Negotiation, Research, Research', 'No qualification required', 'Less than 1 year', 'We are looking for a skilled Project Manager to join our team in Taiz, Yemen. The ideal candidate will have experience in Information Technology and possess skills in Marketing and Negotiation and Research and Research. This is a contract position with a remote work arrangement. Competitive salary and benefits package offered.', '2024-09-23 12:43:59', NULL, 'active'),
(72, 4, 'Web Designer', 'Banking', 3, 'Tunisia', 'Manama', 5480.00, 14851.00, 'temporary', 'remote', 'Advertising, Project Management, IT, Teaching', 'No qualification required', 'No experience required', 'We are looking for a skilled Web Designer to join our team in Manama, Tunisia. The ideal candidate will have experience in Banking and possess skills in Advertising and Project Management and IT and Teaching. This is a temporary position with a remote work arrangement. Competitive salary and benefits package offered.', '2024-07-30 12:43:59', NULL, 'active'),
(74, 3, 'IT Specialist', 'Sports', 5, 'Qatar', 'Dubai', 3825.00, 9988.00, 'training', 'in-office', 'Organization, Leadership, Photography, IT, Editing', 'No qualification required', '5-10 years', 'We are looking for a skilled IT Specialist to join our team in Dubai, Qatar. The ideal candidate will have experience in Sports and possess skills in Organization and Leadership and Photography and IT and Editing. This is a training position with a in-office work arrangement. Competitive salary and benefits package offered.', '2025-03-11 12:43:59', NULL, 'active'),
(75, 3, 'Web Designer', 'Science & Research', 9, 'Saudi Arabia', 'Doha', 3408.00, 13449.00, 'part-time', 'remote', 'Administration, Accounting, Editing', 'No qualification required', 'Less than 1 year', 'We are looking for a skilled Web Designer to join our team in Doha, Saudi Arabia. The ideal candidate will have experience in Science & Research and possess skills in Administration and Accounting and Editing. This is a part-time position with a remote work arrangement. Competitive salary and benefits package offered.', '2024-08-02 12:43:59', NULL, 'inactive'),
(76, 4, 'Teacher', 'Construction', 2, 'United Arab Emirates', 'Tunis', 3856.00, 8460.00, 'full-time', 'remote', 'Creativity, Writing, Microsoft Office', 'Diploma', '1-3 years', 'We are looking for a skilled Teacher to join our team in Tunis, United Arab Emirates. The ideal candidate will have experience in Construction and possess skills in Creativity and Writing and Microsoft Office. This is a full-time position with a remote work arrangement. Competitive salary and benefits package offered.', '2024-05-31 12:43:59', NULL, 'active'),
(77, 5, 'Lawyer', 'Travel & Tourism', 8, 'Palestine', 'Tunis', 1407.00, 2715.00, 'training', 'hybrid', 'Sales, Analysis, Engineering, Social Media, Accounting', 'High school diploma', 'More than 10 years', 'We are looking for a skilled Lawyer to join our team in Tunis, Palestine. The ideal candidate will have experience in Travel & Tourism and possess skills in Sales and Analysis and Engineering and Social Media and Accounting. This is a training position with a hybrid work arrangement. Competitive salary and benefits package offered.', '2024-10-24 12:43:59', NULL, 'active'),
(78, 5, 'Photographer', 'Human Resources', 10, 'Morocco', 'Sanaa', 5296.00, 10018.00, 'contract', 'in-office', 'Programming, Editing, Administration', 'No qualification required', '1-3 years', 'We are looking for a skilled Photographer to join our team in Sanaa, Morocco. The ideal candidate will have experience in Human Resources and possess skills in Programming and Editing and Administration. This is a contract position with a in-office work arrangement. Competitive salary and benefits package offered.', '2024-07-08 12:43:59', NULL, 'active'),
(80, 2, 'Secretary', 'Design', 5, 'Jordan', 'Khartoum', 2311.00, 4225.00, 'part-time', 'remote', 'Data Entry, Engineering, Advertising, Administration, Public Speaking', 'Bachelor\'s degree', '3-5 years', 'We are looking for a skilled Secretary to join our team in Khartoum, Jordan. The ideal candidate will have experience in Design and possess skills in Data Entry and Engineering and Advertising and Administration and Public Speaking. This is a part-time position with a remote work arrangement. Competitive salary and benefits package offered.', '2024-10-10 12:43:59', NULL, 'active'),
(81, 3, 'Customer Service Representative', 'Sports', 4, 'Kuwait', 'Sanaa', 2592.00, 9756.00, 'full-time', 'remote', 'Photography, Writing, Social Media', 'PhD', '5-10 years', 'We are looking for a skilled Customer Service Representative to join our team in Sanaa, Kuwait. The ideal candidate will have experience in Sports and possess skills in Photography and Writing and Social Media. This is a full-time position with a remote work arrangement. Competitive salary and benefits package offered.', '2025-05-14 12:43:59', NULL, 'active'),
(82, 3, 'Technician', 'Arts & Entertainment', 7, 'Libya', 'Beirut', 2066.00, 4552.00, 'contract', 'remote', 'IT, Teamwork, Graphic Design', 'No qualification required', '1-3 years', 'We are looking for a skilled Technician to join our team in Beirut, Libya. The ideal candidate will have experience in Arts & Entertainment and possess skills in IT and Teamwork and Graphic Design. This is a contract position with a remote work arrangement. Competitive salary and benefits package offered.', '2024-09-11 12:43:59', NULL, 'inactive'),
(84, 3, 'Sales Manager', 'Engineering', 4, 'Egypt', 'Cairo', 4795.00, 12481.00, 'training', 'hybrid', 'Creativity, HR Management, HR Management', 'PhD', 'Less than 1 year', 'We are looking for a skilled Sales Manager to join our team in Cairo, Egypt. The ideal candidate will have experience in Engineering and possess skills in Creativity and HR Management and HR Management. This is a training position with a hybrid work arrangement. Competitive salary and benefits package offered.', '2025-01-14 12:43:59', NULL, 'active'),
(85, 4, 'Doctor', 'Manufacturing', 10, 'Oman', 'Taiz', 5508.00, 13030.00, 'part-time', 'remote', 'Teaching, Data Entry, Sales, Communication', 'PhD', '3-5 years', 'We are looking for a skilled Doctor to join our team in Taiz, Oman. The ideal candidate will have experience in Manufacturing and possess skills in Teaching and Data Entry and Sales and Communication. This is a part-time position with a remote work arrangement. Competitive salary and benefits package offered.', '2025-02-12 12:43:59', NULL, 'active'),
(86, 4, 'Nurse', 'Advertising', 2, 'Saudi Arabia', 'Baghdad', 1190.00, 10704.00, 'training', 'remote', 'Creativity, Customer Service, Writing', 'PhD', '1-3 years', 'We are looking for a skilled Nurse to join our team in Baghdad, Saudi Arabia. The ideal candidate will have experience in Advertising and possess skills in Creativity and Customer Service and Writing. This is a training position with a remote work arrangement. Competitive salary and benefits package offered.', '2025-04-08 12:43:59', NULL, 'active'),
(87, 3, 'HR Manager', 'Legal', 7, 'Comoros', 'Khartoum', 1708.00, 8967.00, 'part-time', 'in-office', 'Data Entry, Organization, Public Speaking, Customer Service, Teaching', 'High school diploma', '3-5 years', 'We are looking for a skilled HR Manager to join our team in Khartoum, Comoros. The ideal candidate will have experience in Legal and possess skills in Data Entry and Organization and Public Speaking and Customer Service and Teaching. This is a part-time position with a in-office work arrangement. Competitive salary and benefits package offered.', '2025-01-19 12:43:59', NULL, 'active'),
(90, 2, 'CFO', 'Telecommunications', 2, 'Jordan', 'Beirut', 3756.00, 7569.00, 'training', 'in-office', 'IT, Teamwork, Graphic Design, Programming, Customer Service', 'No qualification required', 'More than 10 years', 'We are looking for a skilled CFO to join our team in Beirut, Jordan. The ideal candidate will have experience in Telecommunications and possess skills in IT and Teamwork and Graphic Design and Programming and Customer Service. This is a training position with a in-office work arrangement. Competitive salary and benefits package offered.', '2024-08-14 12:43:59', NULL, 'active'),
(91, 2, 'Customer Service Representative', 'Sales', 9, 'Egypt', 'Beirut', 2467.00, 11416.00, 'full-time', 'hybrid', 'Graphic Design, Analysis, Accounting', 'Bachelor\'s degree', 'More than 10 years', 'We are looking for a skilled Customer Service Representative to join our team in Beirut, Egypt. The ideal candidate will have experience in Sales and possess skills in Graphic Design and Analysis and Accounting. This is a full-time position with a hybrid work arrangement. Competitive salary and benefits package offered.', '2025-03-29 12:43:59', NULL, 'active'),
(92, 5, 'Marketing Manager', 'Construction', 6, 'Tunisia', 'Doha', 4460.00, 13168.00, 'contract', 'remote', 'Organization, Data Entry, Communication, Accounting, Accounting', 'PhD', 'More than 10 years', 'We are looking for a skilled Marketing Manager to join our team in Doha, Tunisia. The ideal candidate will have experience in Construction and possess skills in Organization and Data Entry and Communication and Accounting and Accounting. This is a contract position with a remote work arrangement. Competitive salary and benefits package offered.', '2024-09-07 12:43:59', NULL, 'active'),
(94, 5, 'HR Manager', 'Hospitality', 5, 'United Arab Emirates', 'Muscat', 5336.00, 7684.00, 'temporary', 'in-office', 'Advertising, HR Management, Accounting', 'PhD', '5-10 years', 'We are looking for a skilled HR Manager to join our team in Muscat, United Arab Emirates. The ideal candidate will have experience in Hospitality and possess skills in Advertising and HR Management and Accounting. This is a temporary position with a in-office work arrangement. Competitive salary and benefits package offered.', '2024-06-18 12:43:59', NULL, 'active'),
(95, 2, 'CFO', 'Engineering', 1, 'Saudi Arabia', 'Tunis', 1257.00, 4661.00, 'part-time', 'remote', 'Web Development, Programming, Social Media', 'Diploma', '3-5 years', 'We are looking for a skilled CFO to join our team in Tunis, Saudi Arabia. The ideal candidate will have experience in Engineering and possess skills in Web Development and Programming and Social Media. This is a part-time position with a remote work arrangement. Competitive salary and benefits package offered.', '2024-11-12 12:43:59', NULL, 'inactive'),
(97, 3, 'Web Designer', 'Business Development', 7, 'Lebanon', 'Casablanca', 5795.00, 15784.00, 'temporary', 'hybrid', 'Sales, Photography, Analysis, Graphic Design', 'High school diploma', '5-10 years', 'We are looking for a skilled Web Designer to join our team in Casablanca, Lebanon. The ideal candidate will have experience in Business Development and possess skills in Sales and Photography and Analysis and Graphic Design. This is a temporary position with a hybrid work arrangement. Competitive salary and benefits package offered.', '2024-10-29 12:43:59', NULL, 'active'),
(98, 4, 'Sales Manager', 'Beauty & Cosmetics', 9, 'Sudan', 'Doha', 4627.00, 5756.00, 'part-time', 'hybrid', 'Communication, IT, HR Management, Time Management, Public Speaking', 'PhD', 'Less than 1 year', 'We are looking for a skilled Sales Manager to join our team in Doha, Sudan. The ideal candidate will have experience in Beauty & Cosmetics and possess skills in Communication and IT and HR Management and Time Management and Public Speaking. This is a part-time position with a hybrid work arrangement. Competitive salary and benefits package offered.', '2024-11-16 12:43:59', NULL, 'active'),
(100, 3, 'Administrative Assistant', 'Logistics', 3, 'Libya', 'Medina', 2104.00, 5466.00, 'training', 'hybrid', 'Engineering, Marketing, Social Media, Programming', 'PhD', '5-10 years', 'We are looking for a skilled Administrative Assistant to join our team in Medina, Libya. The ideal candidate will have experience in Logistics and possess skills in Engineering and Marketing and Social Media and Programming. This is a training position with a hybrid work arrangement. Competitive salary and benefits package offered.', '2025-03-29 12:43:59', NULL, 'inactive'),
(101, 2, 'CEO', 'Advertising', 10, 'Libya', 'Casablanca', 2985.00, 6371.00, 'training', 'in-office', 'IT, Graphic Design, Data Entry', 'Diploma', 'No experience required', 'We are looking for a skilled CEO to join our team in Casablanca, Libya. The ideal candidate will have experience in Advertising and possess skills in IT and Graphic Design and Data Entry. This is a training position with a in-office work arrangement. Competitive salary and benefits package offered.', '2025-01-24 12:43:59', NULL, 'active'),
(102, 5, 'Business Analyst', 'Transportation', 1, 'Palestine', 'Khartoum', 3115.00, 12598.00, 'contract', 'hybrid', 'Web Development, Editing, IT, Leadership, Time Management', 'Diploma', 'More than 10 years', 'We are looking for a skilled Business Analyst to join our team in Khartoum, Palestine. The ideal candidate will have experience in Transportation and possess skills in Web Development and Editing and IT and Leadership and Time Management. This is a contract position with a hybrid work arrangement. Competitive salary and benefits package offered.', '2024-11-07 12:43:59', NULL, 'inactive'),
(103, 4, 'CFO', 'Non-profit', 4, 'Bahrain', 'Muscat', 3347.00, 7612.00, 'temporary', 'remote', 'Administration, Writing, Data Entry', 'Bachelor\'s degree', '3-5 years', 'We are looking for a skilled CFO to join our team in Muscat, Bahrain. The ideal candidate will have experience in Non-profit and possess skills in Administration and Writing and Data Entry. This is a temporary position with a remote work arrangement. Competitive salary and benefits package offered.', '2025-03-08 12:43:59', NULL, 'active'),
(104, 2, 'Data Analyst', 'Automotive', 4, 'Algeria', 'Cairo', 5843.00, 15502.00, 'contract', 'hybrid', 'Advertising, Teamwork, IT, Negotiation', 'PhD', '5-10 years', 'We are looking for a skilled Data Analyst to join our team in Cairo, Algeria. The ideal candidate will have experience in Automotive and possess skills in Advertising and Teamwork and IT and Negotiation. This is a contract position with a hybrid work arrangement. Competitive salary and benefits package offered.', '2025-02-02 12:43:59', NULL, 'active'),
(105, 4, 'Software Engineer', 'Medical', 6, 'Lebanon', 'Mecca', 1456.00, 11666.00, 'training', 'remote', 'Analysis, Web Development, Communication', 'Bachelor\'s degree', '1-3 years', 'We are looking for a skilled Software Engineer to join our team in Mecca, Lebanon. The ideal candidate will have experience in Medical and possess skills in Analysis and Web Development and Communication. This is a training position with a remote work arrangement. Competitive salary and benefits package offered.', '2024-07-14 12:43:59', NULL, 'active'),
(106, 3, 'Secretary', 'Aviation', 9, 'Qatar', 'Casablanca', 3871.00, 7177.00, 'contract', 'hybrid', 'Administration, Programming, Photography, IT', 'Master\'s degree', '1-3 years', 'We are looking for a skilled Secretary to join our team in Casablanca, Qatar. The ideal candidate will have experience in Aviation and possess skills in Administration and Programming and Photography and IT. This is a contract position with a hybrid work arrangement. Competitive salary and benefits package offered.', '2024-10-17 12:43:59', NULL, 'active'),
(107, 3, 'Receptionist', 'Consulting', 10, 'Egypt', 'Tunis', 5519.00, 11973.00, 'contract', 'in-office', 'Finance, Administration, Research', 'Master\'s degree', 'No experience required', 'We are looking for a skilled Receptionist to join our team in Tunis, Egypt. The ideal candidate will have experience in Consulting and possess skills in Finance and Administration and Research. This is a contract position with a in-office work arrangement. Competitive salary and benefits package offered.', '2024-09-10 12:43:59', NULL, 'active'),
(111, 5, 'Business Analyst', 'Sports', 10, 'Bahrain', 'Algiers', 5337.00, 12490.00, 'training', 'remote', 'Editing, Project Management, Web Development, Web Development', 'Master\'s degree', 'Less than 1 year', 'We are looking for a skilled Business Analyst to join our team in Algiers, Bahrain. The ideal candidate will have experience in Sports and possess skills in Editing and Project Management and Web Development and Web Development. This is a training position with a remote work arrangement. Competitive salary and benefits package offered.', '2025-02-05 12:43:59', NULL, 'active');
INSERT INTO `job_posts` (`id`, `employer_id`, `job_title`, `industry`, `vacancies`, `country`, `city`, `min_salary`, `max_salary`, `employment_type`, `job_type`, `skills`, `education_level`, `experience_years`, `job_description`, `created_at`, `updated_at`, `status`) VALUES
(112, 2, 'Lawyer', 'Science & Research', 7, 'Morocco', 'Cairo', 2443.00, 9672.00, 'full-time', 'hybrid', 'Public Speaking, Writing, Leadership', 'No qualification required', 'No experience required', 'We are looking for a skilled Lawyer to join our team in Cairo, Morocco. The ideal candidate will have experience in Science & Research and possess skills in Public Speaking and Writing and Leadership. This is a full-time position with a hybrid work arrangement. Competitive salary and benefits package offered.', '2024-07-19 12:43:59', NULL, 'active'),
(113, 5, 'Executive Assistant', 'Science & Research', 9, 'United Arab Emirates', 'Taiz', 4318.00, 13547.00, 'training', 'remote', 'Project Management, Leadership, Accounting', 'High school diploma', '5-10 years', 'We are looking for a skilled Executive Assistant to join our team in Taiz, United Arab Emirates. The ideal candidate will have experience in Science & Research and possess skills in Project Management and Leadership and Accounting. This is a training position with a remote work arrangement. Competitive salary and benefits package offered.', '2025-02-19 12:43:59', NULL, 'active'),
(114, 3, 'CFO', 'Banking', 5, 'Qatar', 'Baghdad', 3995.00, 11224.00, 'training', 'remote', 'Research, Customer Service, Programming', 'Diploma', 'No experience required', 'We are looking for a skilled CFO to join our team in Baghdad, Qatar. The ideal candidate will have experience in Banking and possess skills in Research and Customer Service and Programming. This is a training position with a remote work arrangement. Competitive salary and benefits package offered.', '2025-01-24 12:43:59', NULL, 'active'),
(115, 3, 'Electrician', 'Retail', 1, 'Morocco', 'Abu Dhabi', 2692.00, 10438.00, 'part-time', 'in-office', 'Graphic Design, IT, Leadership, Public Speaking', 'Master\'s degree', 'Less than 1 year', 'We are looking for a skilled Electrician to join our team in Abu Dhabi, Morocco. The ideal candidate will have experience in Retail and possess skills in Graphic Design and IT and Leadership and Public Speaking. This is a part-time position with a in-office work arrangement. Competitive salary and benefits package offered.', '2024-06-09 12:43:59', NULL, 'active'),
(116, 2, 'Project Manager', 'Human Resources', 8, 'Egypt', 'Taiz', 4175.00, 14706.00, 'full-time', 'hybrid', 'Engineering, Project Management, Time Management, Customer Service, Teaching', 'High school diploma', '3-5 years', 'We are looking for a skilled Project Manager to join our team in Taiz, Egypt. The ideal candidate will have experience in Human Resources and possess skills in Engineering and Project Management and Time Management and Customer Service and Teaching. This is a full-time position with a hybrid work arrangement. Competitive salary and benefits package offered.', '2024-06-16 12:43:59', NULL, 'active'),
(117, 2, 'Chef', 'Advertising', 3, 'Comoros', 'Amman', 1184.00, 6605.00, 'temporary', 'remote', 'Photography, Research, Negotiation', 'Master\'s degree', 'More than 10 years', 'We are looking for a skilled Chef to join our team in Amman, Comoros. The ideal candidate will have experience in Advertising and possess skills in Photography and Research and Negotiation. This is a temporary position with a remote work arrangement. Competitive salary and benefits package offered.', '2025-03-28 12:43:59', NULL, 'active'),
(119, 2, 'Software Engineer', 'Fashion', 6, 'Palestine', 'Sharjah', 4827.00, 8890.00, 'training', 'in-office', 'Web Development, Social Media, Advertising', 'PhD', 'Less than 1 year', 'We are looking for a skilled Software Engineer to join our team in Sharjah, Palestine. The ideal candidate will have experience in Fashion and possess skills in Web Development and Social Media and Advertising. This is a training position with a in-office work arrangement. Competitive salary and benefits package offered.', '2024-09-09 12:43:59', NULL, 'active'),
(120, 5, 'Photographer', 'Design', 4, 'Kuwait', 'Mecca', 1567.00, 6365.00, 'training', 'hybrid', 'Advertising, Research, Creativity, Web Development', 'No qualification required', '3-5 years', 'We are looking for a skilled Photographer to join our team in Mecca, Kuwait. The ideal candidate will have experience in Design and possess skills in Advertising and Research and Creativity and Web Development. This is a training position with a hybrid work arrangement. Competitive salary and benefits package offered.', '2024-08-13 12:43:59', NULL, 'active'),
(121, 3, 'CEO', 'Accounting & Finance', 2, 'Saudi Arabia', 'Manama', 1355.00, 10369.00, 'full-time', 'in-office', 'Sales, Accounting, Accounting, Analysis, Communication', 'No qualification required', 'More than 10 years', 'We are looking for a skilled CEO to join our team in Manama, Saudi Arabia. The ideal candidate will have experience in Accounting & Finance and possess skills in Sales and Accounting and Accounting and Analysis and Communication. This is a full-time position with a in-office work arrangement. Competitive salary and benefits package offered.', '2024-06-01 12:43:59', NULL, 'active'),
(124, 5, 'Designer', 'Marketing', 3, 'Oman', 'Sharjah', 2598.00, 12453.00, 'full-time', 'remote', 'Administration, Leadership, Leadership, Creativity', 'High school diploma', 'No experience required', 'We are looking for a skilled Designer to join our team in Sharjah, Oman. The ideal candidate will have experience in Marketing and possess skills in Administration and Leadership and Leadership and Creativity. This is a full-time position with a remote work arrangement. Competitive salary and benefits package offered.', '2025-03-07 12:43:59', NULL, 'active'),
(125, 5, 'Software Engineer', 'Sports', 10, 'Somalia', 'Sanaa', 3727.00, 13224.00, 'full-time', 'hybrid', 'Advertising, Administration, Leadership, Editing', 'Master\'s degree', 'No experience required', 'We are looking for a skilled Software Engineer to join our team in Sanaa, Somalia. The ideal candidate will have experience in Sports and possess skills in Advertising and Administration and Leadership and Editing. This is a full-time position with a hybrid work arrangement. Competitive salary and benefits package offered.', '2024-07-28 12:43:59', NULL, 'active'),
(127, 2, 'HR Manager', 'Education', 2, 'Jordan', 'Taiz', 3636.00, 5261.00, 'full-time', 'hybrid', 'Analysis, Administration, HR Management, Teamwork, Microsoft Office', 'Diploma', '3-5 years', 'We are looking for a skilled HR Manager to join our team in Taiz, Jordan. The ideal candidate will have experience in Education and possess skills in Analysis and Administration and HR Management and Teamwork and Microsoft Office. This is a full-time position with a hybrid work arrangement. Competitive salary and benefits package offered.', '2025-04-22 12:43:59', NULL, 'inactive'),
(128, 3, 'Designer', 'Pharmaceuticals', 8, 'Tunisia', 'Manama', 4144.00, 14322.00, 'full-time', 'hybrid', 'Teaching, Photography, Sales, Graphic Design, Social Media', 'Diploma', '1-3 years', 'We are looking for a skilled Designer to join our team in Manama, Tunisia. The ideal candidate will have experience in Pharmaceuticals and possess skills in Teaching and Photography and Sales and Graphic Design and Social Media. This is a full-time position with a hybrid work arrangement. Competitive salary and benefits package offered.', '2025-04-12 12:43:59', NULL, 'active'),
(130, 2, 'Data Analyst', 'Engineering', 2, 'Kuwait', 'Khartoum', 3267.00, 12249.00, 'part-time', 'in-office', 'Graphic Design, Analysis, Creativity, Data Entry', 'High school diploma', '3-5 years', 'We are looking for a skilled Data Analyst to join our team in Khartoum, Kuwait. The ideal candidate will have experience in Engineering and possess skills in Graphic Design and Analysis and Creativity and Data Entry. This is a part-time position with a in-office work arrangement. Competitive salary and benefits package offered.', '2025-04-18 12:43:59', NULL, 'active'),
(132, 3, 'Graphic Designer', 'Business Development', 6, 'Egypt', 'Tunis', 2545.00, 11612.00, 'contract', 'in-office', 'Public Speaking, Writing, Analysis', 'High school diploma', '1-3 years', 'We are looking for a skilled Graphic Designer to join our team in Tunis, Egypt. The ideal candidate will have experience in Business Development and possess skills in Public Speaking and Writing and Analysis. This is a contract position with a in-office work arrangement. Competitive salary and benefits package offered.', '2025-02-19 12:43:59', NULL, 'active'),
(133, 4, 'Teacher', 'Retail', 1, 'Somalia', 'Damascus', 4464.00, 7578.00, 'training', 'remote', 'Negotiation, Writing, Accounting, Organization, Leadership', 'Master\'s degree', 'Less than 1 year', 'We are looking for a skilled Teacher to join our team in Damascus, Somalia. The ideal candidate will have experience in Retail and possess skills in Negotiation and Writing and Accounting and Organization and Leadership. This is a training position with a remote work arrangement. Competitive salary and benefits package offered.', '2025-04-08 12:43:59', NULL, 'inactive'),
(134, 4, 'Cashier', 'Retail', 5, 'Egypt', 'Alexandria', 3686.00, 7153.00, 'full-time', 'remote', 'Data Entry, Writing, Administration, Programming', 'No qualification required', 'Less than 1 year', 'We are looking for a skilled Cashier to join our team in Alexandria, Egypt. The ideal candidate will have experience in Retail and possess skills in Data Entry and Writing and Administration and Programming. This is a full-time position with a remote work arrangement. Competitive salary and benefits package offered.', '2024-07-13 12:43:59', NULL, 'active'),
(135, 5, 'Cashier', 'Advertising', 2, 'Palestine', 'Taiz', 4507.00, 6999.00, 'full-time', 'remote', 'Analysis, Teamwork, Editing, HR Management', 'High school diploma', 'Less than 1 year', 'We are looking for a skilled Cashier to join our team in Taiz, Palestine. The ideal candidate will have experience in Advertising and possess skills in Analysis and Teamwork and Editing and HR Management. This is a full-time position with a remote work arrangement. Competitive salary and benefits package offered.', '2024-11-05 12:43:59', NULL, 'active'),
(136, 3, 'CEO', 'Customer Service', 3, 'Jordan', 'Cairo', 3796.00, 6747.00, 'contract', 'remote', 'Public Speaking, Finance, Leadership', 'No qualification required', 'No experience required', 'We are looking for a skilled CEO to join our team in Cairo, Jordan. The ideal candidate will have experience in Customer Service and possess skills in Public Speaking and Finance and Leadership. This is a contract position with a remote work arrangement. Competitive salary and benefits package offered.', '2025-04-17 12:43:59', NULL, 'active'),
(139, 2, 'Marketing Manager', 'Management', 5, 'Comoros', 'Manama', 3576.00, 7773.00, 'temporary', 'remote', 'Organization, Finance, Web Development', 'High school diploma', 'No experience required', 'We are looking for a skilled Marketing Manager to join our team in Manama, Comoros. The ideal candidate will have experience in Management and possess skills in Organization and Finance and Web Development. This is a temporary position with a remote work arrangement. Competitive salary and benefits package offered.', '2025-04-12 12:43:59', NULL, 'inactive'),
(140, 2, 'Writer', 'Engineering', 1, 'Sudan', 'Kuwait City', 1150.00, 11836.00, 'full-time', 'remote', 'IT, Analysis, Design, Customer Service, Accounting', 'Master\'s degree', '3-5 years', 'We are looking for a skilled Writer to join our team in Kuwait City, Sudan. The ideal candidate will have experience in Engineering and possess skills in IT and Analysis and Design and Customer Service and Accounting. This is a full-time position with a remote work arrangement. Competitive salary and benefits package offered.', '2024-06-17 12:43:59', NULL, 'inactive'),
(141, 4, 'Content Writer', 'Fashion', 3, 'Jordan', 'Alexandria', 5411.00, 13815.00, 'temporary', 'hybrid', 'Communication, Leadership, Advertising', 'High school diploma', 'More than 10 years', 'We are looking for a skilled Content Writer to join our team in Alexandria, Jordan. The ideal candidate will have experience in Fashion and possess skills in Communication and Leadership and Advertising. This is a temporary position with a hybrid work arrangement. Competitive salary and benefits package offered.', '2024-11-29 12:43:59', NULL, 'inactive'),
(143, 5, 'Pharmacist', 'Non-profit', 1, 'Egypt', 'Manama', 1648.00, 8244.00, 'temporary', 'in-office', 'Organization, Communication, Communication, Sales', 'Diploma', 'Less than 1 year', 'We are looking for a skilled Pharmacist to join our team in Manama, Egypt. The ideal candidate will have experience in Non-profit and possess skills in Organization and Communication and Communication and Sales. This is a temporary position with a in-office work arrangement. Competitive salary and benefits package offered.', '2024-05-30 12:43:59', NULL, 'active'),
(144, 4, 'Receptionist', 'Real Estate', 2, 'Egypt', 'Damascus', 5115.00, 14144.00, 'training', 'remote', 'Project Management, Advertising, Accounting, Advertising', 'Diploma', '5-10 years', 'We are looking for a skilled Receptionist to join our team in Damascus, Egypt. The ideal candidate will have experience in Real Estate and possess skills in Project Management and Advertising and Accounting and Advertising. This is a training position with a remote work arrangement. Competitive salary and benefits package offered.', '2024-09-13 12:43:59', NULL, 'active'),
(146, 5, 'Secretary', 'Design', 6, 'Sudan', 'Medina', 1866.00, 4710.00, 'part-time', 'remote', 'Finance, Social Media, Engineering, Sales', 'Master\'s degree', '3-5 years', 'We are looking for a skilled Secretary to join our team in Medina, Sudan. The ideal candidate will have experience in Design and possess skills in Finance and Social Media and Engineering and Sales. This is a part-time position with a remote work arrangement. Competitive salary and benefits package offered.', '2024-12-07 12:43:59', NULL, 'active'),
(147, 2, 'Secretary', 'Education', 1, 'Tunisia', 'Sanaa', 5591.00, 10718.00, 'temporary', 'remote', 'Editing, Teaching, Data Entry', 'High school diploma', 'No experience required', 'We are looking for a skilled Secretary to join our team in Sanaa, Tunisia. The ideal candidate will have experience in Education and possess skills in Editing and Teaching and Data Entry. This is a temporary position with a remote work arrangement. Competitive salary and benefits package offered.', '2024-10-23 12:43:59', NULL, 'active'),
(148, 2, 'Lawyer', 'Medical', 10, 'Somalia', 'Abu Dhabi', 2573.00, 9415.00, 'contract', 'remote', 'Customer Service, Writing, Research, Data Entry, Writing', 'Bachelor\'s degree', 'Less than 1 year', 'We are looking for a skilled Lawyer to join our team in Abu Dhabi, Somalia. The ideal candidate will have experience in Medical and possess skills in Customer Service and Writing and Research and Data Entry and Writing. This is a contract position with a remote work arrangement. Competitive salary and benefits package offered.', '2024-07-08 12:43:59', NULL, 'active'),
(149, 4, 'Cashier', 'Construction', 3, 'Bahrain', 'Casablanca', 4304.00, 9518.00, 'contract', 'remote', 'Advertising, Research, Editing', 'Bachelor\'s degree', 'No experience required', 'We are looking for a skilled Cashier to join our team in Casablanca, Bahrain. The ideal candidate will have experience in Construction and possess skills in Advertising and Research and Editing. This is a contract position with a remote work arrangement. Competitive salary and benefits package offered.', '2025-03-01 12:43:59', NULL, 'active'),
(150, 4, 'Civil Engineer', 'Engineering', 6, 'Qatar', 'Sharjah', 2642.00, 3980.00, 'full-time', 'in-office', 'Teamwork, Accounting, Sales', 'Diploma', '3-5 years', 'We are looking for a skilled Civil Engineer to join our team in Sharjah, Qatar. The ideal candidate will have experience in Engineering and possess skills in Teamwork and Accounting and Sales. This is a full-time position with a in-office work arrangement. Competitive salary and benefits package offered.', '2024-10-02 12:43:59', NULL, 'active'),
(151, 5, 'Electrician', 'Arts & Entertainment', 4, 'Yemen', 'Casablanca', 2070.00, 4623.00, 'contract', 'in-office', 'Teamwork, Marketing, Photography', 'Master\'s degree', '5-10 years', 'We are looking for a skilled Electrician to join our team in Casablanca, Yemen. The ideal candidate will have experience in Arts & Entertainment and possess skills in Teamwork and Marketing and Photography. This is a contract position with a in-office work arrangement. Competitive salary and benefits package offered.', '2024-12-11 12:43:59', NULL, 'active'),
(153, 5, 'Web Designer', 'Sales', 4, 'Qatar', 'Beirut', 4494.00, 9947.00, 'contract', 'hybrid', 'IT, Web Development, Customer Service', 'Diploma', 'More than 10 years', 'We are looking for a skilled Web Designer to join our team in Beirut, Qatar. The ideal candidate will have experience in Sales and possess skills in IT and Web Development and Customer Service. This is a contract position with a hybrid work arrangement. Competitive salary and benefits package offered.', '2025-01-23 12:43:59', NULL, 'active'),
(155, 4, 'Writer', 'Healthcare', 4, 'Saudi Arabia', 'Medina', 2038.00, 12271.00, 'contract', 'remote', 'Administration, Public Speaking, Accounting, Editing, Teaching', 'PhD', 'More than 10 years', 'We are looking for a skilled Writer to join our team in Medina, Saudi Arabia. The ideal candidate will have experience in Healthcare and possess skills in Administration and Public Speaking and Accounting and Editing and Teaching. This is a contract position with a remote work arrangement. Competitive salary and benefits package offered.', '2025-03-15 12:43:59', NULL, 'inactive'),
(156, 2, 'Cashier', 'Sports', 6, 'Qatar', 'Rabat', 2718.00, 13389.00, 'training', 'hybrid', 'Graphic Design, Writing, Teaching, Accounting, Organization', 'High school diploma', 'No experience required', 'We are looking for a skilled Cashier to join our team in Rabat, Qatar. The ideal candidate will have experience in Sports and possess skills in Graphic Design and Writing and Teaching and Accounting and Organization. This is a training position with a hybrid work arrangement. Competitive salary and benefits package offered.', '2025-01-30 12:43:59', NULL, 'active'),
(158, 2, 'Writer', 'Non-profit', 5, 'Sudan', 'Casablanca', 1842.00, 6388.00, 'full-time', 'hybrid', 'Advertising, Negotiation, Teaching', 'Diploma', 'No experience required', 'We are looking for a skilled Writer to join our team in Casablanca, Sudan. The ideal candidate will have experience in Non-profit and possess skills in Advertising and Negotiation and Teaching. This is a full-time position with a hybrid work arrangement. Competitive salary and benefits package offered.', '2024-09-29 12:43:59', NULL, 'active'),
(159, 5, 'Financial Analyst', 'Manufacturing', 9, 'Somalia', 'Sharjah', 3253.00, 9938.00, 'contract', 'hybrid', 'Social Media, Analysis, Editing, Graphic Design', 'Bachelor\'s degree', 'More than 10 years', 'We are looking for a skilled Financial Analyst to join our team in Sharjah, Somalia. The ideal candidate will have experience in Manufacturing and possess skills in Social Media and Analysis and Editing and Graphic Design. This is a contract position with a hybrid work arrangement. Competitive salary and benefits package offered.', '2024-07-14 12:43:59', NULL, 'inactive'),
(161, 4, 'CFO', 'Healthcare', 7, 'Oman', 'Baghdad', 4974.00, 7199.00, 'training', 'hybrid', 'HR Management, Photography, Finance', 'PhD', '3-5 years', 'We are looking for a skilled CFO to join our team in Baghdad, Oman. The ideal candidate will have experience in Healthcare and possess skills in HR Management and Photography and Finance. This is a training position with a hybrid work arrangement. Competitive salary and benefits package offered.', '2025-05-06 12:43:59', NULL, 'active'),
(162, 2, 'Accountant', 'Marketing', 6, 'Morocco', 'Cairo', 5526.00, 14289.00, 'part-time', 'remote', 'Administration, Sales, HR Management', 'Diploma', '3-5 years', 'We are looking for a skilled Accountant to join our team in Cairo, Morocco. The ideal candidate will have experience in Marketing and possess skills in Administration and Sales and HR Management. This is a part-time position with a remote work arrangement. Competitive salary and benefits package offered.', '2024-09-01 12:43:59', NULL, 'active'),
(163, 2, 'CEO', 'Biotechnology', 3, 'Libya', 'Baghdad', 1785.00, 2887.00, 'training', 'remote', 'IT, HR Management, Organization, Administration', 'Master\'s degree', '5-10 years', 'We are looking for a skilled CEO to join our team in Baghdad, Libya. The ideal candidate will have experience in Biotechnology and possess skills in IT and HR Management and Organization and Administration. This is a training position with a remote work arrangement. Competitive salary and benefits package offered.', '2025-05-08 12:43:59', NULL, 'inactive'),
(164, 5, 'Nurse', 'Medical', 10, 'Qatar', 'Sharjah', 5885.00, 7235.00, 'part-time', 'remote', 'Customer Service, Microsoft Office, Negotiation', 'PhD', '3-5 years', 'We are looking for a skilled Nurse to join our team in Sharjah, Qatar. The ideal candidate will have experience in Medical and possess skills in Customer Service and Microsoft Office and Negotiation. This is a part-time position with a remote work arrangement. Competitive salary and benefits package offered.', '2025-01-06 12:43:59', NULL, 'active'),
(165, 2, 'Executive Assistant', 'Real Estate', 5, 'Lebanon', 'Cairo', 1900.00, 7557.00, 'contract', 'in-office', 'Finance, Data Entry, Advertising, Project Management, Analysis', 'Bachelor\'s degree', '5-10 years', 'We are looking for a skilled Executive Assistant to join our team in Cairo, Lebanon. The ideal candidate will have experience in Real Estate and possess skills in Finance and Data Entry and Advertising and Project Management and Analysis. This is a contract position with a in-office work arrangement. Competitive salary and benefits package offered.', '2025-04-28 12:43:59', NULL, 'active'),
(166, 2, 'Lawyer', 'Construction', 2, 'Tunisia', 'Taiz', 5523.00, 8231.00, 'full-time', 'hybrid', 'Finance, Data Entry, Web Development', 'No qualification required', 'Less than 1 year', 'We are looking for a skilled Lawyer to join our team in Taiz, Tunisia. The ideal candidate will have experience in Construction and possess skills in Finance and Data Entry and Web Development. This is a full-time position with a hybrid work arrangement. Competitive salary and benefits package offered.', '2025-03-24 12:43:59', NULL, 'active'),
(167, 5, 'Marketing Manager', 'Education', 9, 'United Arab Emirates', 'Dubai', 1419.00, 11524.00, 'part-time', 'remote', 'Marketing, Design, Public Speaking', 'High school diploma', 'More than 10 years', 'We are looking for a skilled Marketing Manager to join our team in Dubai, United Arab Emirates. The ideal candidate will have experience in Education and possess skills in Marketing and Design and Public Speaking. This is a part-time position with a remote work arrangement. Competitive salary and benefits package offered.', '2025-01-21 12:43:59', NULL, 'active'),
(168, 4, 'Data Analyst', 'Engineering', 7, 'Sudan', 'Beirut', 2711.00, 12623.00, 'temporary', 'remote', 'Data Entry, Engineering, Photography, Sales', 'High school diploma', 'No experience required', 'We are looking for a skilled Data Analyst to join our team in Beirut, Sudan. The ideal candidate will have experience in Engineering and possess skills in Data Entry and Engineering and Photography and Sales. This is a temporary position with a remote work arrangement. Competitive salary and benefits package offered.', '2025-02-22 12:43:59', NULL, 'active'),
(169, 5, 'Doctor', 'Engineering', 5, 'Libya', 'Damascus', 3128.00, 11609.00, 'contract', 'in-office', 'Negotiation, Teaching, Programming, Graphic Design', 'Bachelor\'s degree', '3-5 years', 'We are looking for a skilled Doctor to join our team in Damascus, Libya. The ideal candidate will have experience in Engineering and possess skills in Negotiation and Teaching and Programming and Graphic Design. This is a contract position with a in-office work arrangement. Competitive salary and benefits package offered.', '2025-02-23 12:43:59', NULL, 'active'),
(170, 2, 'Technician', 'Legal', 7, 'Comoros', 'Algiers', 1138.00, 3581.00, 'full-time', 'hybrid', 'Teaching, Data Entry, Photography, Public Speaking', 'PhD', 'No experience required', 'We are looking for a skilled Technician to join our team in Algiers, Comoros. The ideal candidate will have experience in Legal and possess skills in Teaching and Data Entry and Photography and Public Speaking. This is a full-time position with a hybrid work arrangement. Competitive salary and benefits package offered.', '2024-06-08 12:43:59', NULL, 'active'),
(171, 5, 'Teacher', 'Food & Beverage', 2, 'Oman', 'Tunis', 3363.00, 14212.00, 'contract', 'hybrid', 'Editing, Administration, Marketing, Data Entry', 'No qualification required', 'More than 10 years', 'We are looking for a skilled Teacher to join our team in Tunis, Oman. The ideal candidate will have experience in Food & Beverage and possess skills in Editing and Administration and Marketing and Data Entry. This is a contract position with a hybrid work arrangement. Competitive salary and benefits package offered.', '2024-07-06 12:43:59', NULL, 'active'),
(172, 2, 'Teacher', 'Advertising', 1, 'Yemen', 'Jeddah', 4161.00, 5608.00, 'training', 'in-office', 'Teamwork, Time Management, Accounting', 'No qualification required', 'No experience required', 'We are looking for a skilled Teacher to join our team in Jeddah, Yemen. The ideal candidate will have experience in Advertising and possess skills in Teamwork and Time Management and Accounting. This is a training position with a in-office work arrangement. Competitive salary and benefits package offered.', '2024-12-31 12:43:59', NULL, 'active'),
(173, 5, 'Driver', 'Fashion', 3, 'Syria', 'Rabat', 2832.00, 4870.00, 'temporary', 'remote', 'Advertising, Finance, Accounting, Analysis', 'Master\'s degree', 'No experience required', 'We are looking for a skilled Driver to join our team in Rabat, Syria. The ideal candidate will have experience in Fashion and possess skills in Advertising and Finance and Accounting and Analysis. This is a temporary position with a remote work arrangement. Competitive salary and benefits package offered.', '2024-08-31 12:43:59', NULL, 'active'),
(174, 5, 'Graphic Designer', 'Logistics', 9, 'Palestine', 'Jeddah', 4082.00, 10125.00, 'full-time', 'hybrid', 'Photography, Social Media, Finance, Data Entry, Administration', 'Bachelor\'s degree', 'Less than 1 year', 'We are looking for a skilled Graphic Designer to join our team in Jeddah, Palestine. The ideal candidate will have experience in Logistics and possess skills in Photography and Social Media and Finance and Data Entry and Administration. This is a full-time position with a hybrid work arrangement. Competitive salary and benefits package offered.', '2025-02-21 12:43:59', NULL, 'active'),
(176, 2, 'Financial Analyst', 'Management', 7, 'Palestine', 'Sanaa', 1387.00, 6071.00, 'training', 'in-office', 'Programming, Social Media, Creativity, Organization', 'PhD', '1-3 years', 'We are looking for a skilled Financial Analyst to join our team in Sanaa, Palestine. The ideal candidate will have experience in Management and possess skills in Programming and Social Media and Creativity and Organization. This is a training position with a in-office work arrangement. Competitive salary and benefits package offered.', '2024-05-25 12:43:59', NULL, 'active'),
(177, 4, 'Civil Engineer', 'Advertising', 5, 'Comoros', 'Mecca', 2650.00, 7909.00, 'part-time', 'remote', 'IT, Engineering, Administration', 'Master\'s degree', 'Less than 1 year', 'We are looking for a skilled Civil Engineer to join our team in Mecca, Comoros. The ideal candidate will have experience in Advertising and possess skills in IT and Engineering and Administration. This is a part-time position with a remote work arrangement. Competitive salary and benefits package offered.', '2024-06-03 12:43:59', NULL, 'active'),
(179, 4, 'Business Analyst', 'Fashion', 5, 'Libya', 'Riyadh', 5306.00, 7199.00, 'training', 'in-office', 'IT, Teamwork, Customer Service, Teaching, Teaching', 'No qualification required', 'More than 10 years', 'We are looking for a skilled Business Analyst to join our team in Riyadh, Libya. The ideal candidate will have experience in Fashion and possess skills in IT and Teamwork and Customer Service and Teaching and Teaching. This is a training position with a in-office work arrangement. Competitive salary and benefits package offered.', '2024-06-07 12:43:59', NULL, 'inactive'),
(180, 5, 'Cashier', 'Business Development', 10, 'Tunisia', 'Baghdad', 4113.00, 8220.00, 'contract', 'in-office', 'Marketing, Sales, Finance, Data Entry, Negotiation', 'No qualification required', 'More than 10 years', 'We are looking for a skilled Cashier to join our team in Baghdad, Tunisia. The ideal candidate will have experience in Business Development and possess skills in Marketing and Sales and Finance and Data Entry and Negotiation. This is a contract position with a in-office work arrangement. Competitive salary and benefits package offered.', '2024-05-21 12:43:59', NULL, 'active'),
(181, 4, 'Designer', 'Non-profit', 8, 'Saudi Arabia', 'Abu Dhabi', 5994.00, 15535.00, 'part-time', 'remote', 'Photography, Customer Service, Programming', 'PhD', 'No experience required', 'We are looking for a skilled Designer to join our team in Abu Dhabi, Saudi Arabia. The ideal candidate will have experience in Non-profit and possess skills in Photography and Customer Service and Programming. This is a part-time position with a remote work arrangement. Competitive salary and benefits package offered.', '2025-04-15 12:43:59', NULL, 'active'),
(183, 4, 'Chef', 'Retail', 6, 'Lebanon', 'Kuwait City', 3849.00, 8056.00, 'temporary', 'hybrid', 'Customer Service, Public Speaking, Photography, HR Management, Accounting', 'High school diploma', '1-3 years', 'We are looking for a skilled Chef to join our team in Kuwait City, Lebanon. The ideal candidate will have experience in Retail and possess skills in Customer Service and Public Speaking and Photography and HR Management and Accounting. This is a temporary position with a hybrid work arrangement. Competitive salary and benefits package offered.', '2024-12-11 12:43:59', NULL, 'active'),
(184, 3, 'Receptionist', 'Non-profit', 6, 'Lebanon', 'Baghdad', 5858.00, 9353.00, 'part-time', 'remote', 'Engineering, Social Media, Time Management', 'High school diploma', '5-10 years', 'We are looking for a skilled Receptionist to join our team in Baghdad, Lebanon. The ideal candidate will have experience in Non-profit and possess skills in Engineering and Social Media and Time Management. This is a part-time position with a remote work arrangement. Competitive salary and benefits package offered.', '2025-04-11 12:43:59', NULL, 'active'),
(185, 3, 'Marketing Manager', 'Design', 3, 'Algeria', 'Sharjah', 2332.00, 9863.00, 'contract', 'in-office', 'Organization, Sales, Advertising, Programming', 'Diploma', 'No experience required', 'We are looking for a skilled Marketing Manager to join our team in Sharjah, Algeria. The ideal candidate will have experience in Design and possess skills in Organization and Sales and Advertising and Programming. This is a contract position with a in-office work arrangement. Competitive salary and benefits package offered.', '2024-08-06 12:43:59', NULL, 'active'),
(186, 4, 'CFO', 'Media & Communications', 7, 'Yemen', 'Doha', 3565.00, 10972.00, 'contract', 'in-office', 'Teamwork, Analysis, Social Media, Graphic Design', 'No qualification required', 'No experience required', 'We are looking for a skilled CFO to join our team in Doha, Yemen. The ideal candidate will have experience in Media & Communications and possess skills in Teamwork and Analysis and Social Media and Graphic Design. This is a contract position with a in-office work arrangement. Competitive salary and benefits package offered.', '2024-09-07 12:43:59', NULL, 'active'),
(187, 5, 'Marketing Manager', 'Accounting & Finance', 2, 'Lebanon', 'Aden', 1115.00, 9087.00, 'contract', 'remote', 'Marketing, Time Management, Analysis, Teaching', 'PhD', 'Less than 1 year', 'We are looking for a skilled Marketing Manager to join our team in Aden, Lebanon. The ideal candidate will have experience in Accounting & Finance and possess skills in Marketing and Time Management and Analysis and Teaching. This is a contract position with a remote work arrangement. Competitive salary and benefits package offered.', '2025-04-01 12:43:59', NULL, 'active'),
(188, 2, 'Designer', 'Human Resources', 8, 'Sudan', 'Tunis', 2707.00, 9489.00, 'part-time', 'in-office', 'Negotiation, Research, Project Management, Organization, Public Speaking', 'High school diploma', 'More than 10 years', 'We are looking for a skilled Designer to join our team in Tunis, Sudan. The ideal candidate will have experience in Human Resources and possess skills in Negotiation and Research and Project Management and Organization and Public Speaking. This is a part-time position with a in-office work arrangement. Competitive salary and benefits package offered.', '2025-05-13 12:43:59', NULL, 'active'),
(189, 2, 'Data Analyst', 'Automotive', 4, 'Somalia', 'Sharjah', 2258.00, 6199.00, 'full-time', 'in-office', 'Creativity, Leadership, Graphic Design, Administration, Editing', 'No qualification required', '3-5 years', 'We are looking for a skilled Data Analyst to join our team in Sharjah, Somalia. The ideal candidate will have experience in Automotive and possess skills in Creativity and Leadership and Graphic Design and Administration and Editing. This is a full-time position with a in-office work arrangement. Competitive salary and benefits package offered.', '2024-10-07 12:43:59', NULL, 'active'),
(190, 5, 'Designer', 'Sports', 8, 'Iraq', 'Cairo', 4760.00, 10919.00, 'temporary', 'remote', 'Design, Administration, Writing', 'Bachelor\'s degree', 'No experience required', 'We are looking for a skilled Designer to join our team in Cairo, Iraq. The ideal candidate will have experience in Sports and possess skills in Design and Administration and Writing. This is a temporary position with a remote work arrangement. Competitive salary and benefits package offered.', '2025-02-23 12:43:59', NULL, 'active'),
(192, 5, 'Content Writer', 'Agriculture', 6, 'Comoros', 'Muscat', 3771.00, 6647.00, 'contract', 'hybrid', 'IT, Analysis, Design', 'PhD', 'More than 10 years', 'We are looking for a skilled Content Writer to join our team in Muscat, Comoros. The ideal candidate will have experience in Agriculture and possess skills in IT and Analysis and Design. This is a contract position with a hybrid work arrangement. Competitive salary and benefits package offered.', '2024-07-15 12:43:59', NULL, 'active'),
(193, 4, 'Sales Manager', 'Transportation', 9, 'Mauritania', 'Rabat', 2067.00, 8189.00, 'temporary', 'in-office', 'Marketing, Negotiation, Finance, Organization, Public Speaking', 'Master\'s degree', 'More than 10 years', 'We are looking for a skilled Sales Manager to join our team in Rabat, Mauritania. The ideal candidate will have experience in Transportation and possess skills in Marketing and Negotiation and Finance and Organization and Public Speaking. This is a temporary position with a in-office work arrangement. Competitive salary and benefits package offered.', '2025-01-28 12:43:59', NULL, 'active'),
(195, 4, 'Executive Assistant', 'Real Estate', 9, 'Somalia', 'Dubai', 5758.00, 8403.00, 'part-time', 'hybrid', 'Engineering, Editing, Editing, IT, Editing', 'No qualification required', 'No experience required', 'We are looking for a skilled Executive Assistant to join our team in Dubai, Somalia. The ideal candidate will have experience in Real Estate and possess skills in Engineering and Editing and Editing and IT and Editing. This is a part-time position with a hybrid work arrangement. Competitive salary and benefits package offered.', '2025-01-23 12:43:59', NULL, 'active'),
(196, 3, 'Dentist', 'Customer Service', 1, 'Syria', 'Aden', 4367.00, 6476.00, 'temporary', 'remote', 'Finance, Editing, Accounting, Time Management', 'No qualification required', '5-10 years', 'We are looking for a skilled Dentist to join our team in Aden, Syria. The ideal candidate will have experience in Customer Service and possess skills in Finance and Editing and Accounting and Time Management. This is a temporary position with a remote work arrangement. Competitive salary and benefits package offered.', '2024-11-29 12:43:59', NULL, 'active'),
(197, 4, 'Data Analyst', 'Non-profit', 7, 'Kuwait', 'Kuwait City', 4498.00, 9755.00, 'temporary', 'hybrid', 'Photography, Customer Service, Organization', 'Master\'s degree', 'Less than 1 year', 'We are looking for a skilled Data Analyst to join our team in Kuwait City, Kuwait. The ideal candidate will have experience in Non-profit and possess skills in Photography and Customer Service and Organization. This is a temporary position with a hybrid work arrangement. Competitive salary and benefits package offered.', '2025-03-13 12:43:59', NULL, 'active'),
(198, 4, 'CFO', 'Security', 8, 'Iraq', 'Doha', 1310.00, 3154.00, 'training', 'in-office', 'Leadership, Editing, Writing', 'Master\'s degree', '5-10 years', 'We are looking for a skilled CFO to join our team in Doha, Iraq. The ideal candidate will have experience in Security and possess skills in Leadership and Editing and Writing. This is a training position with a in-office work arrangement. Competitive salary and benefits package offered.', '2024-12-03 12:43:59', NULL, 'active'),
(200, 3, 'Designer', 'Business Development', 9, 'Morocco', 'Algiers', 1980.00, 5836.00, 'training', 'remote', 'Analysis, Photography, Project Management, Social Media, Negotiation', 'High school diploma', '1-3 years', 'We are looking for a skilled Designer to join our team in Algiers, Morocco. The ideal candidate will have experience in Business Development and possess skills in Analysis and Photography and Project Management and Social Media and Negotiation. This is a training position with a remote work arrangement. Competitive salary and benefits package offered.', '2024-10-10 12:43:59', NULL, 'active'),
(201, 2, 'Writer', 'Marketing', 1, 'Qatar', 'Sanaa', 2969.00, 11539.00, 'temporary', 'in-office', 'Communication, HR Management, Public Speaking, Graphic Design', 'Bachelor\'s degree', 'More than 10 years', 'We are looking for a skilled Writer to join our team in Sanaa, Qatar. The ideal candidate will have experience in Marketing and possess skills in Communication and HR Management and Public Speaking and Graphic Design. This is a temporary position with a in-office work arrangement. Competitive salary and benefits package offered.', '2024-08-08 12:43:59', NULL, 'active'),
(202, 5, 'Journalist', 'Medical', 9, 'Comoros', 'Cairo', 3316.00, 12865.00, 'contract', 'hybrid', 'Communication, Editing, Web Development, Web Development, Administration', 'Diploma', '1-3 years', 'We are looking for a skilled Journalist to join our team in Cairo, Comoros. The ideal candidate will have experience in Medical and possess skills in Communication and Editing and Web Development and Web Development and Administration. This is a contract position with a hybrid work arrangement. Competitive salary and benefits package offered.', '2024-07-01 12:43:59', NULL, 'active'),
(204, 2, 'Administrative Assistant', 'Architecture', 5, 'Djibouti', 'Alexandria', 3969.00, 12273.00, 'training', 'in-office', 'Communication, Analysis, Administration, Advertising, Finance', 'High school diploma', 'No experience required', 'We are looking for a skilled Administrative Assistant to join our team in Alexandria, Djibouti. The ideal candidate will have experience in Architecture and possess skills in Communication and Analysis and Administration and Advertising and Finance. This is a training position with a in-office work arrangement. Competitive salary and benefits package offered.', '2025-02-28 12:43:59', NULL, 'inactive'),
(205, 2, 'Secretary', 'Business Development', 6, 'Djibouti', 'Sanaa', 5665.00, 7711.00, 'temporary', 'remote', 'Leadership, Programming, Finance, Time Management, Engineering', 'Diploma', '5-10 years', 'We are looking for a skilled Secretary to join our team in Sanaa, Djibouti. The ideal candidate will have experience in Business Development and possess skills in Leadership and Programming and Finance and Time Management and Engineering. This is a temporary position with a remote work arrangement. Competitive salary and benefits package offered.', '2025-05-08 12:43:59', NULL, 'active'),
(207, 5, 'Developer', 'Design', 5, 'Egypt', 'Abu Dhabi', 4654.00, 9681.00, 'contract', 'in-office', 'Administration, Research, Teaching, Organization, IT', 'PhD', '1-3 years', 'We are looking for a skilled Developer to join our team in Abu Dhabi, Egypt. The ideal candidate will have experience in Design and possess skills in Administration and Research and Teaching and Organization and IT. This is a contract position with a in-office work arrangement. Competitive salary and benefits package offered.', '2024-08-24 12:43:59', NULL, 'active'),
(208, 5, 'Teacher', 'Healthcare', 7, 'Lebanon', 'Sharjah', 1651.00, 10310.00, 'training', 'in-office', 'Public Speaking, Negotiation, Administration, Organization', 'Bachelor\'s degree', '3-5 years', 'We are looking for a skilled Teacher to join our team in Sharjah, Lebanon. The ideal candidate will have experience in Healthcare and possess skills in Public Speaking and Negotiation and Administration and Organization. This is a training position with a in-office work arrangement. Competitive salary and benefits package offered.', '2025-03-31 12:43:59', NULL, 'active'),
(210, 3, 'Architect', 'Business Development', 6, 'Egypt', 'Damascus', 2211.00, 7987.00, 'full-time', 'remote', 'Teaching, Programming, Advertising, Analysis', 'Diploma', 'Less than 1 year', 'We are looking for a skilled Architect to join our team in Damascus, Egypt. The ideal candidate will have experience in Business Development and possess skills in Teaching and Programming and Advertising and Analysis. This is a full-time position with a remote work arrangement. Competitive salary and benefits package offered.', '2024-07-29 12:43:59', NULL, 'active'),
(211, 4, 'Secretary', 'Medical', 2, 'Algeria', 'Kuwait City', 2598.00, 4307.00, 'part-time', 'remote', 'Social Media, Leadership, Creativity, Data Entry', 'Master\'s degree', '3-5 years', 'We are looking for a skilled Secretary to join our team in Kuwait City, Algeria. The ideal candidate will have experience in Medical and possess skills in Social Media and Leadership and Creativity and Data Entry. This is a part-time position with a remote work arrangement. Competitive salary and benefits package offered.', '2024-11-08 12:43:59', NULL, 'active'),
(212, 3, 'Designer', 'Healthcare', 2, 'Sudan', 'Taiz', 2603.00, 5770.00, 'contract', 'hybrid', 'Analysis, Engineering, HR Management', 'High school diploma', '1-3 years', 'We are looking for a skilled Designer to join our team in Taiz, Sudan. The ideal candidate will have experience in Healthcare and possess skills in Analysis and Engineering and HR Management. This is a contract position with a hybrid work arrangement. Competitive salary and benefits package offered.', '2025-05-09 12:43:59', NULL, 'inactive'),
(213, 2, 'Business Analyst', 'Accounting & Finance', 7, 'Lebanon', 'Sanaa', 1015.00, 4160.00, 'part-time', 'hybrid', 'HR Management, Accounting, Microsoft Office', 'Bachelor\'s degree', 'Less than 1 year', 'We are looking for a skilled Business Analyst to join our team in Sanaa, Lebanon. The ideal candidate will have experience in Accounting & Finance and possess skills in HR Management and Accounting and Microsoft Office. This is a part-time position with a hybrid work arrangement. Competitive salary and benefits package offered.', '2024-09-01 12:43:59', NULL, 'active'),
(215, 3, 'HR Manager', 'Media & Communications', 8, 'Tunisia', 'Manama', 5780.00, 10924.00, 'full-time', 'remote', 'Marketing, Public Speaking, Web Development', 'Master\'s degree', '5-10 years', 'We are looking for a skilled HR Manager to join our team in Manama, Tunisia. The ideal candidate will have experience in Media & Communications and possess skills in Marketing and Public Speaking and Web Development. This is a full-time position with a remote work arrangement. Competitive salary and benefits package offered.', '2024-06-13 12:43:59', NULL, 'active'),
(216, 4, 'Technician', 'Medical', 1, 'United Arab Emirates', 'Khartoum', 1930.00, 10344.00, 'training', 'remote', 'Teamwork, Negotiation, Photography', 'No qualification required', 'No experience required', 'We are looking for a skilled Technician to join our team in Khartoum, United Arab Emirates. The ideal candidate will have experience in Medical and possess skills in Teamwork and Negotiation and Photography. This is a training position with a remote work arrangement. Competitive salary and benefits package offered.', '2024-10-11 12:43:59', NULL, 'inactive'),
(217, 3, 'Dentist', 'Business Development', 10, 'Bahrain', 'Alexandria', 4635.00, 12286.00, 'temporary', 'in-office', 'Microsoft Office, HR Management, Engineering', 'High school diploma', '1-3 years', 'We are looking for a skilled Dentist to join our team in Alexandria, Bahrain. The ideal candidate will have experience in Business Development and possess skills in Microsoft Office and HR Management and Engineering. This is a temporary position with a in-office work arrangement. Competitive salary and benefits package offered.', '2025-03-03 12:43:59', NULL, 'active'),
(218, 3, 'Data Analyst', 'Arts & Entertainment', 1, 'Palestine', 'Abu Dhabi', 5632.00, 12854.00, 'part-time', 'remote', 'IT, Photography, Social Media', 'PhD', 'Less than 1 year', 'We are looking for a skilled Data Analyst to join our team in Abu Dhabi, Palestine. The ideal candidate will have experience in Arts & Entertainment and possess skills in IT and Photography and Social Media. This is a part-time position with a remote work arrangement. Competitive salary and benefits package offered.', '2025-04-03 12:43:59', NULL, 'inactive'),
(219, 3, 'Designer', 'Real Estate', 4, 'Syria', 'Alexandria', 1039.00, 2240.00, 'part-time', 'remote', 'Microsoft Office, Teamwork, Administration', 'High school diploma', '5-10 years', 'We are looking for a skilled Designer to join our team in Alexandria, Syria. The ideal candidate will have experience in Real Estate and possess skills in Microsoft Office and Teamwork and Administration. This is a part-time position with a remote work arrangement. Competitive salary and benefits package offered.', '2024-06-19 12:43:59', NULL, 'active'),
(220, 4, 'Lawyer', 'Administration', 10, 'Iraq', 'Kuwait City', 4979.00, 7405.00, 'full-time', 'remote', 'Marketing, Administration, Analysis', 'No qualification required', 'No experience required', 'We are looking for a skilled Lawyer to join our team in Kuwait City, Iraq. The ideal candidate will have experience in Administration and possess skills in Marketing and Administration and Analysis. This is a full-time position with a remote work arrangement. Competitive salary and benefits package offered.', '2025-01-07 12:43:59', NULL, 'inactive'),
(221, 5, 'Financial Analyst', 'Customer Service', 2, 'Egypt', 'Tunis', 5811.00, 11104.00, 'training', 'in-office', 'Accounting, Editing, Marketing', 'No qualification required', 'More than 10 years', 'We are looking for a skilled Financial Analyst to join our team in Tunis, Egypt. The ideal candidate will have experience in Customer Service and possess skills in Accounting and Editing and Marketing. This is a training position with a in-office work arrangement. Competitive salary and benefits package offered.', '2024-06-10 12:43:59', NULL, 'active'),
(222, 3, 'Nurse', 'Human Resources', 7, 'Tunisia', 'Mecca', 1092.00, 3827.00, 'contract', 'hybrid', 'Leadership, Graphic Design, Teamwork, Writing, Data Entry', 'No qualification required', '3-5 years', 'We are looking for a skilled Nurse to join our team in Mecca, Tunisia. The ideal candidate will have experience in Human Resources and possess skills in Leadership and Graphic Design and Teamwork and Writing and Data Entry. This is a contract position with a hybrid work arrangement. Competitive salary and benefits package offered.', '2024-12-10 12:43:59', NULL, 'active'),
(225, 4, 'Writer', 'Design', 2, 'Iraq', 'Medina', 3054.00, 9117.00, 'contract', 'remote', 'Photography, Microsoft Office, Administration', 'Master\'s degree', '5-10 years', 'We are looking for a skilled Writer to join our team in Medina, Iraq. The ideal candidate will have experience in Design and possess skills in Photography and Microsoft Office and Administration. This is a contract position with a remote work arrangement. Competitive salary and benefits package offered.', '2024-11-05 12:43:59', NULL, 'active');
INSERT INTO `job_posts` (`id`, `employer_id`, `job_title`, `industry`, `vacancies`, `country`, `city`, `min_salary`, `max_salary`, `employment_type`, `job_type`, `skills`, `education_level`, `experience_years`, `job_description`, `created_at`, `updated_at`, `status`) VALUES
(226, 5, 'Project Manager', 'Food & Beverage', 6, 'Palestine', 'Casablanca', 1680.00, 4327.00, 'part-time', 'remote', 'Analysis, Graphic Design, Editing, Social Media', 'High school diploma', '3-5 years', 'We are looking for a skilled Project Manager to join our team in Casablanca, Palestine. The ideal candidate will have experience in Food & Beverage and possess skills in Analysis and Graphic Design and Editing and Social Media. This is a part-time position with a remote work arrangement. Competitive salary and benefits package offered.', '2024-12-26 12:43:59', NULL, 'active'),
(227, 5, 'Dentist', 'Accounting & Finance', 2, 'Iraq', 'Abu Dhabi', 5385.00, 15266.00, 'part-time', 'hybrid', 'Photography, Public Speaking, Graphic Design, Programming, Teamwork', 'PhD', '5-10 years', 'We are looking for a skilled Dentist to join our team in Abu Dhabi, Iraq. The ideal candidate will have experience in Accounting & Finance and possess skills in Photography and Public Speaking and Graphic Design and Programming and Teamwork. This is a part-time position with a hybrid work arrangement. Competitive salary and benefits package offered.', '2025-04-10 12:43:59', NULL, 'active'),
(228, 5, 'Teacher', 'Real Estate', 8, 'Sudan', 'Riyadh', 1512.00, 5265.00, 'full-time', 'hybrid', 'Design, Teamwork, Analysis', 'Bachelor\'s degree', '1-3 years', 'We are looking for a skilled Teacher to join our team in Riyadh, Sudan. The ideal candidate will have experience in Real Estate and possess skills in Design and Teamwork and Analysis. This is a full-time position with a hybrid work arrangement. Competitive salary and benefits package offered.', '2024-11-07 12:44:00', NULL, 'active'),
(229, 4, 'Nurse', 'Business Development', 9, 'Tunisia', 'Mecca', 5397.00, 14404.00, 'part-time', 'remote', 'Analysis, Finance, Organization, Programming', 'PhD', 'Less than 1 year', 'We are looking for a skilled Nurse to join our team in Mecca, Tunisia. The ideal candidate will have experience in Business Development and possess skills in Analysis and Finance and Organization and Programming. This is a part-time position with a remote work arrangement. Competitive salary and benefits package offered.', '2024-06-10 12:44:00', NULL, 'active'),
(230, 2, 'Chef', 'Hospitality', 3, 'Djibouti', 'Riyadh', 4841.00, 8193.00, 'training', 'in-office', 'Graphic Design, Analysis, Time Management, Analysis, Writing', 'High school diploma', 'More than 10 years', 'We are looking for a skilled Chef to join our team in Riyadh, Djibouti. The ideal candidate will have experience in Hospitality and possess skills in Graphic Design and Analysis and Time Management and Analysis and Writing. This is a training position with a in-office work arrangement. Competitive salary and benefits package offered.', '2025-03-22 12:44:00', NULL, 'active'),
(231, 5, 'Cashier', 'Biotechnology', 9, 'Comoros', 'Mecca', 2719.00, 5328.00, 'full-time', 'remote', 'Leadership, Marketing, Public Speaking, Creativity, Teaching', 'No qualification required', 'No experience required', 'We are looking for a skilled Cashier to join our team in Mecca, Comoros. The ideal candidate will have experience in Biotechnology and possess skills in Leadership and Marketing and Public Speaking and Creativity and Teaching. This is a full-time position with a remote work arrangement. Competitive salary and benefits package offered.', '2025-01-12 12:44:00', NULL, 'active'),
(232, 5, 'Project Manager', 'Management', 8, 'Syria', 'Manama', 4686.00, 9666.00, 'training', 'in-office', 'Photography, Research, Analysis, Web Development, Teamwork', 'No qualification required', '1-3 years', 'We are looking for a skilled Project Manager to join our team in Manama, Syria. The ideal candidate will have experience in Management and possess skills in Photography and Research and Analysis and Web Development and Teamwork. This is a training position with a in-office work arrangement. Competitive salary and benefits package offered.', '2025-02-01 12:44:00', NULL, 'active'),
(233, 4, 'Project Manager', 'Design', 7, 'Syria', 'Cairo', 3452.00, 10863.00, 'temporary', 'hybrid', 'Negotiation, Analysis, Customer Service, Sales, Programming', 'High school diploma', 'No experience required', 'We are looking for a skilled Project Manager to join our team in Cairo, Syria. The ideal candidate will have experience in Design and possess skills in Negotiation and Analysis and Customer Service and Sales and Programming. This is a temporary position with a hybrid work arrangement. Competitive salary and benefits package offered.', '2024-12-06 12:44:00', NULL, 'active'),
(234, 5, 'Chef', 'Design', 6, 'Lebanon', 'Riyadh', 4569.00, 14625.00, 'part-time', 'in-office', 'Analysis, Organization, Editing, Organization', 'Master\'s degree', '5-10 years', 'We are looking for a skilled Chef to join our team in Riyadh, Lebanon. The ideal candidate will have experience in Design and possess skills in Analysis and Organization and Editing and Organization. This is a part-time position with a in-office work arrangement. Competitive salary and benefits package offered.', '2025-02-02 12:44:00', NULL, 'active'),
(235, 3, 'Architect', 'Engineering', 10, 'Lebanon', 'Casablanca', 2089.00, 4515.00, 'temporary', 'in-office', 'Engineering, Writing, Editing', 'No qualification required', '1-3 years', 'We are looking for a skilled Architect to join our team in Casablanca, Lebanon. The ideal candidate will have experience in Engineering and possess skills in Engineering and Writing and Editing. This is a temporary position with a in-office work arrangement. Competitive salary and benefits package offered.', '2024-11-16 12:44:00', NULL, 'active'),
(236, 4, 'Administrative Assistant', 'Sales', 10, 'Saudi Arabia', 'Damascus', 2365.00, 7880.00, 'part-time', 'remote', 'Customer Service, Marketing, Accounting, Web Development', 'No qualification required', 'Less than 1 year', 'We are looking for a skilled Administrative Assistant to join our team in Damascus, Saudi Arabia. The ideal candidate will have experience in Sales and possess skills in Customer Service and Marketing and Accounting and Web Development. This is a part-time position with a remote work arrangement. Competitive salary and benefits package offered.', '2025-04-19 12:44:00', NULL, 'active'),
(237, 3, 'Teacher', 'Automotive', 10, 'Lebanon', 'Tunis', 5202.00, 9234.00, 'contract', 'in-office', 'Organization, Administration, Research, Advertising, HR Management', 'Master\'s degree', '5-10 years', 'We are looking for a skilled Teacher to join our team in Tunis, Lebanon. The ideal candidate will have experience in Automotive and possess skills in Organization and Administration and Research and Advertising and HR Management. This is a contract position with a in-office work arrangement. Competitive salary and benefits package offered.', '2024-07-29 12:44:00', NULL, 'active'),
(239, 3, 'Data Analyst', 'Transportation', 7, 'Comoros', 'Rabat', 2366.00, 6199.00, 'contract', 'in-office', 'Negotiation, Programming, Customer Service, Design', 'PhD', 'More than 10 years', 'We are looking for a skilled Data Analyst to join our team in Rabat, Comoros. The ideal candidate will have experience in Transportation and possess skills in Negotiation and Programming and Customer Service and Design. This is a contract position with a in-office work arrangement. Competitive salary and benefits package offered.', '2024-09-19 12:44:00', NULL, 'inactive'),
(240, 2, 'Doctor', 'Logistics', 4, 'Yemen', 'Jeddah', 1795.00, 9757.00, 'part-time', 'remote', 'Public Speaking, Analysis, Organization', 'PhD', '1-3 years', 'We are looking for a skilled Doctor to join our team in Jeddah, Yemen. The ideal candidate will have experience in Logistics and possess skills in Public Speaking and Analysis and Organization. This is a part-time position with a remote work arrangement. Competitive salary and benefits package offered.', '2024-10-23 12:44:00', NULL, 'active'),
(241, 4, 'Graphic Designer', 'Automotive', 4, 'Oman', 'Kuwait City', 5620.00, 13037.00, 'part-time', 'hybrid', 'Leadership, Customer Service, Customer Service, Engineering', 'Master\'s degree', '5-10 years', 'We are looking for a skilled Graphic Designer to join our team in Kuwait City, Oman. The ideal candidate will have experience in Automotive and possess skills in Leadership and Customer Service and Customer Service and Engineering. This is a part-time position with a hybrid work arrangement. Competitive salary and benefits package offered.', '2025-01-08 12:44:00', NULL, 'active'),
(242, 4, 'Business Analyst', 'Food & Beverage', 1, 'Morocco', 'Abu Dhabi', 5485.00, 8360.00, 'training', 'hybrid', 'Time Management, Writing, Leadership', 'Bachelor\'s degree', 'Less than 1 year', 'We are looking for a skilled Business Analyst to join our team in Abu Dhabi, Morocco. The ideal candidate will have experience in Food & Beverage and possess skills in Time Management and Writing and Leadership. This is a training position with a hybrid work arrangement. Competitive salary and benefits package offered.', '2025-03-30 12:44:00', NULL, 'active'),
(243, 2, 'Marketing Manager', 'Agriculture', 2, 'Comoros', 'Mecca', 5694.00, 7763.00, 'full-time', 'hybrid', 'Analysis, Customer Service, Time Management, Editing, Data Entry', 'Master\'s degree', '5-10 years', 'We are looking for a skilled Marketing Manager to join our team in Mecca, Comoros. The ideal candidate will have experience in Agriculture and possess skills in Analysis and Customer Service and Time Management and Editing and Data Entry. This is a full-time position with a hybrid work arrangement. Competitive salary and benefits package offered.', '2024-11-09 12:44:00', NULL, 'active'),
(244, 3, 'Pharmacist', 'Retail', 8, 'Egypt', 'Sanaa', 4166.00, 13464.00, 'training', 'in-office', 'Administration, Organization, Design', 'Master\'s degree', '3-5 years', 'We are looking for a skilled Pharmacist to join our team in Sanaa, Egypt. The ideal candidate will have experience in Retail and possess skills in Administration and Organization and Design. This is a training position with a in-office work arrangement. Competitive salary and benefits package offered.', '2025-05-16 12:44:00', NULL, 'active'),
(245, 4, 'Developer', 'Retail', 3, 'Somalia', 'Mecca', 3877.00, 7438.00, 'part-time', 'remote', 'Accounting, Organization, Administration, Design', 'Diploma', '3-5 years', 'We are looking for a skilled Developer to join our team in Mecca, Somalia. The ideal candidate will have experience in Retail and possess skills in Accounting and Organization and Administration and Design. This is a part-time position with a remote work arrangement. Competitive salary and benefits package offered.', '2024-11-27 12:44:00', NULL, 'active'),
(246, 4, 'Web Designer', 'Science & Research', 2, 'Yemen', 'Muscat', 5606.00, 7873.00, 'part-time', 'remote', 'Project Management, Marketing, Finance, IT, Editing', 'No qualification required', '1-3 years', 'We are looking for a skilled Web Designer to join our team in Muscat, Yemen. The ideal candidate will have experience in Science & Research and possess skills in Project Management and Marketing and Finance and IT and Editing. This is a part-time position with a remote work arrangement. Competitive salary and benefits package offered.', '2024-06-28 12:44:00', NULL, 'active'),
(247, 5, 'Financial Analyst', 'Media & Communications', 1, 'Iraq', 'Casablanca', 4777.00, 12472.00, 'training', 'in-office', 'Time Management, Analysis, Editing', 'Bachelor\'s degree', 'Less than 1 year', 'We are looking for a skilled Financial Analyst to join our team in Casablanca, Iraq. The ideal candidate will have experience in Media & Communications and possess skills in Time Management and Analysis and Editing. This is a training position with a in-office work arrangement. Competitive salary and benefits package offered.', '2025-04-28 12:44:00', NULL, 'active'),
(248, 4, 'Secretary', 'Banking', 3, 'Comoros', 'Casablanca', 2928.00, 5550.00, 'training', 'remote', 'Organization, Project Management, Public Speaking, Time Management', 'No qualification required', '5-10 years', 'We are looking for a skilled Secretary to join our team in Casablanca, Comoros. The ideal candidate will have experience in Banking and possess skills in Organization and Project Management and Public Speaking and Time Management. This is a training position with a remote work arrangement. Competitive salary and benefits package offered.', '2024-12-26 12:44:00', NULL, 'active'),
(249, 2, 'CEO', 'Sports', 10, 'Palestine', 'Dubai', 5834.00, 7631.00, 'part-time', 'hybrid', 'Writing, Administration, IT, Negotiation', 'Master\'s degree', 'Less than 1 year', 'We are looking for a skilled CEO to join our team in Dubai, Palestine. The ideal candidate will have experience in Sports and possess skills in Writing and Administration and IT and Negotiation. This is a part-time position with a hybrid work arrangement. Competitive salary and benefits package offered.', '2024-05-21 12:44:00', NULL, 'active'),
(250, 4, 'Technician', 'Legal', 4, 'Lebanon', 'Medina', 4971.00, 15850.00, 'temporary', 'hybrid', 'Organization, Editing, Research, Customer Service', 'Bachelor\'s degree', 'Less than 1 year', 'We are looking for a skilled Technician to join our team in Medina, Lebanon. The ideal candidate will have experience in Legal and possess skills in Organization and Editing and Research and Customer Service. This is a temporary position with a hybrid work arrangement. Competitive salary and benefits package offered.', '2024-05-29 12:44:00', NULL, 'active'),
(251, 1, 'ccccccccc', 'Technology & IT', 1, 'Comoros', 'Fomboni', 38.00, 50.00, 'temporary', 'in-office ', 'UI/UX Designe', 'High school diploma', ' No experience required', '', '2025-05-24 16:48:11', NULL, 'active');

-- --------------------------------------------------------

--
-- بنية الجدول `users`
--

CREATE TABLE `users` (
  `user_id` int(11) NOT NULL,
  `first_name` varchar(50) NOT NULL,
  `last_name` varchar(50) NOT NULL,
  `major` varchar(100) DEFAULT NULL,
  `email` varchar(100) NOT NULL,
  `password` varchar(255) NOT NULL,
  `phone_code` varchar(5) NOT NULL,
  `phone_number` varchar(20) NOT NULL,
  `is_public` tinyint(1) DEFAULT '1',
  `created_at` timestamp NOT NULL DEFAULT CURRENT_TIMESTAMP
) ENGINE=InnoDB DEFAULT CHARSET=utf8mb4;

--
-- إرجاع أو استيراد بيانات الجدول `users`
--

INSERT INTO `users` (`user_id`, `first_name`, `last_name`, `major`, `email`, `password`, `phone_code`, `phone_number`, `is_public`, `created_at`) VALUES
(1, 'MojydaaFadl', 'Ali', NULL, 'mojydaafadl8@gmail.com', '$2y$10$sbpoZIpxdrhvxmfEs5iWDOXt8T/HPYHJOrgtT0Sjcfgb6t3Ka4KYi', '+967', '771600772', 1, '2025-05-06 09:08:29'),
(2, 'Ali', 'Tala', NULL, 'ali@gmail.com', '$2y$10$35uxB/uam1uSv5tORCbS5.MsAYCwkwZup/MMgc2mPiejBrQlnB0B2', '+967', '771600772', 1, '2025-05-06 16:27:01'),
(3, 'Mohammed ', 'Ali', NULL, 'mohammed@gmail.com', '$2y$10$cnwAO2xGeRZ7mYiTr6WJzezB.OBwk1IxpIn/djAQ1sFKGIsLa9R2y', '+967', '771600772', 1, '2025-05-06 18:14:41'),
(4, 'abdu', 'Ali', NULL, 'abdu@gmail.com', '$2y$10$97cXk2k5/eXb3Bg0dEBFQuKuqwOv.ATVYgIL2vQQzoJaylx0SfTp.', '+967', '771600772', 1, '2025-05-06 19:48:24'),
(5, 'Mojydaa', 'Fadl', 'Other', 'mojydaayonko@gmail.com', '$2y$10$q3Cy4WlfFzb1BU3v6R90P.sTEGvybNYneLiTJoP1na6lunYTmhMw2', '+967', '771600772', 1, '2025-05-07 19:52:22'),
(6, 'k', 'l', NULL, 'k@gmail.com', '$2y$10$x0z2KYPUt.Mv2lqzzywPEO93/3FhB3VIIi0GcPU7tIQuhdtTmkLH.', '+967', '771600772', 1, '2025-05-08 02:46:25'),
(7, 'l', 'p', NULL, 'p@gmail.com', '$2y$10$1YzRfmHr3QQNHOLjsTjqjuiijWlU747bymMX7JapJGQpZCOZ7ZMUa', '+967', '771600772', 1, '2025-05-08 03:03:51'),
(8, 'MojydaaFadl ', 'Ali', NULL, 'mojydaayonko2@gmail.com', '$2y$10$Nd08HNvXGvSIT1i8moa5H.A2rQVBYaYsAh7T.6T29IO06vWNyzT8y', '+967', '771600772', 1, '2025-05-09 16:08:28'),
(9, 'ksvsnd', 'nsmdn', NULL, 'mojydaayonko4@gmail.com', '$2y$10$p1sWploRKGy8CMSpwSiJr.LH3l5O2jJrPBqKBp.vJFz4THZJB2ci2', '+967', '712443714', 1, '2025-05-10 04:48:25'),
(10, 'mohammed', 'adel', NULL, 'mohammadlasaqqaf2004@gmail.com', '$2y$10$aHSoG82HNIhcRCU54JncA.nUAyXEd9tGgNpEz4VrPfE6/lsg9Yrrm', '+967', '773918966', 1, '2025-05-10 11:17:36'),
(11, 'مجيدع', 'فضل ', NULL, 'mojydaayonko3@gmail.com', '$2y$10$1Aoi9XaSFWMvvcQ7d3RJG.CQwlDg4MVPRGqV68Z8YyxMzTGdOVo.i', '+967', '771600472', 1, '2025-05-13 20:24:18'),
(12, 'ksvsnd', 'Ali', NULL, 'mojydaayonko5@gmail.com', '$2y$10$8CeEbxOpOptKDlwdq/gGV.9xPQOH/hRNrTXr23I/wA9b8sv/MRb9O', '+966', '771600772', 1, '2025-05-16 03:13:59'),
(13, 'ksvsnd', 'nsmdn', NULL, 'mojydaayonko6@gmail.com', '$2y$10$VuDImY9N8il.LMXx/snHbuBhoNriLcofb4m5J5VeDhqCm6Gp4PlWm', '+967', '771600772', 1, '2025-05-16 03:24:24'),
(14, 'shaher', 'alshohri', NULL, 'shaher.ibb@gmail.com', '$2y$10$ZKV2OukHzaFyT0Kea0AR/ec8ZKaz.1CQJi9pqmAkbIQK3RDsyczl6', '+967', '716975507', 1, '2025-05-17 15:46:21'),
(15, 'MojydaaFadl', 'Ali', NULL, 'mojydaayonko7@gmail.com', '$2y$10$12NLtWioOzfgj8mHcAwVzOlXvk8auC9ZZ2qi6NCicITxw4fYztoau', '+967', '123456789', 1, '2025-05-18 10:24:04'),
(16, '', '', NULL, '', '$2y$10$BQCSoLcNFlBFWUWqVQTjueNHlQRKia0D8MnoOkuVIt5pcslYSaN3q', '', '', 0, '2025-05-18 10:47:16'),
(17, 'محمد', 'زهير', NULL, 'employer@gmail.com', '$2y$10$SUASB7Lhbl69D7C2U3aOsOqzjK0SoUk/C8QjGnW28cYo5c7FapSW2', '+967', '57679069798', 1, '2025-05-24 04:49:31'),
(18, 'MojydaaFadl', 'nsmdn', NULL, 'monoclonaldhfh@gmail.com', '$2y$10$5OHIACzrb4xIIrgTZeDSye6FvZJGY5n6D6p9OGOchwTMCLKyjcuLa', '+967', '88888888', 1, '2025-05-24 13:20:07'),
(19, 'MojydaaFadl', 'Ali Taha', 'Information Technology', 'mojydaayonko8@gmail.com', '$2y$10$L2mJDRlSahvHDnY2GkW3rO1Kr.quE6JFdjbQrmmGIpKli26iVtl1e', '+967', '771600772', 1, '2025-05-25 02:28:32');

-- --------------------------------------------------------

--
-- بنية الجدول `user_cvs`
--

CREATE TABLE `user_cvs` (
  `id` int(11) NOT NULL,
  `user_id` int(11) NOT NULL,
  `file_name` varchar(255) NOT NULL,
  `file_path` varchar(255) NOT NULL,
  `upload_date` datetime NOT NULL
) ENGINE=InnoDB DEFAULT CHARSET=utf8mb4;

--
-- إرجاع أو استيراد بيانات الجدول `user_cvs`
--

INSERT INTO `user_cvs` (`id`, `user_id`, `file_name`, `file_path`, `upload_date`) VALUES
(59, 14, 'cv_14_1747497746.pdf', 'uploads/cvs/cv_14_1747497746.pdf', '2025-05-17 19:02:26'),
(61, 11, 'cv_11_1747565688.pdf', 'uploads/cvs/cv_11_1747565688.pdf', '2025-05-18 13:54:48'),
(62, 4, 'cv_4_1747566141.pdf', 'uploads/cvs/cv_4_1747566141.pdf', '2025-05-18 14:02:21'),
(63, 5, 'Mojydaa _Fadl_CV.pdf', '../uploads/cvs/cv_5_1747684031.pdf', '2025-05-19 22:47:11'),
(65, 1, 'cv_1_1747707294.pdf', 'uploads/cvs/cv_1_1747707294.pdf', '2025-05-20 05:14:54'),
(66, 17, 'cv_17_1748062353.pdf', 'uploads/cvs/cv_17_1748062353.pdf', '2025-05-24 07:52:33'),
(68, 18, 'mohammad_E_CV.pdf', '../uploads/cvs/cv_18_1748093318.pdf', '2025-05-24 16:28:38'),
(69, 19, 'cv_19_1748140128.pdf', 'uploads/cvs/cv_19_1748140128.pdf', '2025-05-25 05:28:48');

--
-- Indexes for dumped tables
--

--
-- Indexes for table `employers`
--
ALTER TABLE `employers`
  ADD PRIMARY KEY (`id`),
  ADD UNIQUE KEY `email` (`email`);

--
-- Indexes for table `favorite_jobs`
--
ALTER TABLE `favorite_jobs`
  ADD PRIMARY KEY (`id`),
  ADD UNIQUE KEY `user_job_unique` (`user_id`,`job_id`),
  ADD KEY `job_id` (`job_id`);

--
-- Indexes for table `job_applications`
--
ALTER TABLE `job_applications`
  ADD PRIMARY KEY (`id`),
  ADD KEY `job_id` (`job_id`),
  ADD KEY `employer_id` (`employer_id`),
  ADD KEY `employee_id` (`user_id`);

--
-- Indexes for table `job_comments`
--
ALTER TABLE `job_comments`
  ADD PRIMARY KEY (`id`),
  ADD KEY `job_id` (`job_id`),
  ADD KEY `user_id` (`user_id`);

--
-- Indexes for table `job_posts`
--
ALTER TABLE `job_posts`
  ADD PRIMARY KEY (`id`),
  ADD KEY `employer_id` (`employer_id`);

--
-- Indexes for table `users`
--
ALTER TABLE `users`
  ADD PRIMARY KEY (`user_id`);

--
-- Indexes for table `user_cvs`
--
ALTER TABLE `user_cvs`
  ADD PRIMARY KEY (`id`);

--
-- AUTO_INCREMENT for dumped tables
--

--
-- AUTO_INCREMENT for table `employers`
--
ALTER TABLE `employers`
  MODIFY `id` int(11) NOT NULL AUTO_INCREMENT, AUTO_INCREMENT=6;

--
-- AUTO_INCREMENT for table `favorite_jobs`
--
ALTER TABLE `favorite_jobs`
  MODIFY `id` int(11) NOT NULL AUTO_INCREMENT, AUTO_INCREMENT=10;

--
-- AUTO_INCREMENT for table `job_applications`
--
ALTER TABLE `job_applications`
  MODIFY `id` int(11) NOT NULL AUTO_INCREMENT, AUTO_INCREMENT=55;

--
-- AUTO_INCREMENT for table `job_comments`
--
ALTER TABLE `job_comments`
  MODIFY `id` int(11) NOT NULL AUTO_INCREMENT, AUTO_INCREMENT=6;

--
-- AUTO_INCREMENT for table `job_posts`
--
ALTER TABLE `job_posts`
  MODIFY `id` int(11) NOT NULL AUTO_INCREMENT, AUTO_INCREMENT=252;

--
-- AUTO_INCREMENT for table `users`
--
ALTER TABLE `users`
  MODIFY `user_id` int(11) NOT NULL AUTO_INCREMENT, AUTO_INCREMENT=20;

--
-- AUTO_INCREMENT for table `user_cvs`
--
ALTER TABLE `user_cvs`
  MODIFY `id` int(11) NOT NULL AUTO_INCREMENT, AUTO_INCREMENT=70;

--
-- قيود الجداول المُلقاة.
--

--
-- قيود الجداول `favorite_jobs`
--
ALTER TABLE `favorite_jobs`
  ADD CONSTRAINT `favorite_jobs_ibfk_1` FOREIGN KEY (`user_id`) REFERENCES `users` (`user_id`) ON DELETE CASCADE,
  ADD CONSTRAINT `favorite_jobs_ibfk_2` FOREIGN KEY (`job_id`) REFERENCES `job_posts` (`id`) ON DELETE CASCADE;

--
-- قيود الجداول `job_comments`
--
ALTER TABLE `job_comments`
  ADD CONSTRAINT `job_comments_ibfk_1` FOREIGN KEY (`job_id`) REFERENCES `job_posts` (`id`) ON DELETE CASCADE,
  ADD CONSTRAINT `job_comments_ibfk_2` FOREIGN KEY (`user_id`) REFERENCES `users` (`user_id`) ON DELETE CASCADE;

--
-- قيود الجداول `job_posts`
--
ALTER TABLE `job_posts`
  ADD CONSTRAINT `job_posts_ibfk_1` FOREIGN KEY (`employer_id`) REFERENCES `employers` (`id`) ON DELETE CASCADE;
COMMIT;

/*!40101 SET CHARACTER_SET_CLIENT=@OLD_CHARACTER_SET_CLIENT */;
/*!40101 SET CHARACTER_SET_RESULTS=@OLD_CHARACTER_SET_RESULTS */;
/*!40101 SET COLLATION_CONNECTION=@OLD_COLLATION_CONNECTION */;
